date,temp_mean_c,temp_min_c,wind_speed_kmh,wind_dir_deg,rain_mm,humidity_pct,mixing_height_mean_m,mixing_height_max_m
2015-01-01,16.3,12.0,6.6,66,0.0,68,180,580
2015-01-02,15.2,14.2,7.0,73,4.2,83,241,690
2015-01-03,15.6,14.0,5.1,312,0.1,84,204,565
2015-01-04,14.4,10.9,10.2,317,0.0,78,404,1135
2015-01-05,14.3,9.6,18.7,302,0.0,74,481,825
2015-01-06,15.1,10.5,12.7,303,0.0,75,506,1420
2015-01-07,13.8,10.0,6.9,342,0.0,79,344,1235
2015-01-08,13.0,6.9,6.9,322,0.0,80,279,1050
2015-01-09,12.4,6.3,6.4,335,0.0,83,201,830
2015-01-10,11.9,7.4,9.4,302,0.0,81,217,630
2015-01-11,11.7,6.9,8.4,331,0.0,84,226,690
2015-01-12,11.3,6.0,4.7,84,0.0,87,140,575
2015-01-13,11.2,6.6,8.3,130,0.0,87,182,550
2015-01-14,12.9,10.1,12.1,120,4.1,85,364,880
2015-01-15,12.0,7.7,5.6,329,0.0,84,213,830
2015-01-16,13.3,7.7,7.2,314,0.0,78,291,1150
2015-01-17,13.8,8.1,7.9,310,0.0,79,247,920
2015-01-18,13.7,7.7,6.9,317,0.0,76,251,940
2015-01-19,13.1,6.2,5.6,339,0.0,75,234,905
2015-01-20,12.7,6.3,8.5,120,0.0,79,292,910
2015-01-21,12.6,9.9,11.7,104,3.8,81,314,660
2015-01-22,12.8,11.2,9.9,101,17.0,87,267,480
2015-01-23,14.1,11.1,5.9,353,0.0,83,302,845
2015-01-24,14.4,10.9,8.2,297,0.0,80,330,1020
2015-01-25,13.7,9.2,6.8,308,0.0,75,377,1200
2015-01-26,13.3,8.1,6.4,348,0.0,74,306,1180
2015-01-27,12.9,8.9,10.4,319,0.0,69,414,1325
2015-01-28,11.4,6.9,11.6,305,0.0,74,404,1150
2015-01-29,10.9,4.8,10.2,305,0.0,68,357,1160
2015-01-30,11.7,5.4,12.0,302,0.0,66,381,1165
2015-01-31,13.1,7.7,11.8,298,0.0,65,308,920
2015-02-01,13.8,7.0,8.2,106,0.0,74,227,830
2015-02-02,15.8,11.0,14.7,111,1.2,75,432,940
2015-02-03,17.0,13.3,11.8,97,13.2,78,486,1230
2015-02-04,13.9,10.0,10.7,304,0.0,86,315,915
2015-02-05,14.1,9.2,11.1,302,0.0,76,335,1005
2015-02-06,13.5,7.1,5.9,349,0.0,72,225,825
2015-02-07,14.8,7.8,5.8,41,0.0,69,195,740
2015-02-08,15.3,9.8,6.5,344,2.1,73,241,980
2015-02-09,15.8,10.0,9.7,324,0.0,71,302,1110
2015-02-10,15.1,9.5,10.3,314,0.0,67,340,1220
2015-02-11,14.8,7.9,7.7,311,0.0,64,314,1195
2015-02-12,15.2,8.6,8.5,317,0.0,69,354,1300
2015-02-13,16.7,9.7,10.5,296,0.0,63,308,1065
2015-02-14,18.8,11.4,6.3,9,0.0,63,220,945
2015-02-15,18.3,11.2,4.9,23,0.0,71,271,1115
2015-02-16,19.8,13.9,14.0,121,0.0,70,443,1105
2015-02-17,20.4,15.8,10.8,101,1.6,74,420,1325
2015-02-18,19.7,15.6,7.2,91,12.0,77,352,1260
2015-02-19,20.1,14.4,11.9,104,1.6,78,345,1175
2015-02-20,21.2,17.0,10.6,100,0.0,74,332,1020
2015-02-21,20.6,15.0,11.3,319,0.0,75,449,1170
2015-02-22,20.6,15.4,15.9,303,0.0,69,445,910
2015-02-23,20.2,13.5,6.7,341,0.0,77,227,765
2015-02-24,20.9,14.3,7.8,116,0.1,79,201,605
2015-02-25,21.4,16.8,10.5,102,5.2,79,355,1105
2015-02-26,18.7,13.7,7.5,328,0.0,69,430,1680
2015-02-27,17.0,12.1,9.0,356,0.0,68,372,1480
2015-02-28,18.2,11.4,9.4,25,0.2,56,349,1230
2015-03-01,17.1,16.1,20.8,119,22.9,83,624,865
2015-03-02,16.3,14.4,15.7,133,22.8,93,485,845
2015-03-03,15.7,12.6,5.7,326,1.0,86,324,1115
2015-03-04,15.2,9.7,9.6,311,0.0,72,465,1645
2015-03-05,16.5,9.0,5.6,7,0.0,70,274,990
2015-03-06,18.2,12.6,7.3,346,0.0,70,408,1660
2015-03-07,18.3,11.7,6.8,48,10.5,76,346,1350
2015-03-08,18.3,14.2,10.6,112,0.9,79,433,1370
2015-03-09,16.6,11.8,11.8,338,3.9,70,466,1205
2015-03-10,16.1,9.6,10.6,313,0.0,69,364,1120
2015-03-11,17.4,10.6,9.2,312,0.0,70,274,835
2015-03-12,18.5,10.1,8.6,330,0.0,67,226,715
2015-03-13,18.9,13.9,5.9,22,2.9,76,215,1140
2015-03-14,20.0,14.3,8.2,168,4.1,79,332,1235
2015-03-15,18.2,16.0,12.3,131,20.6,88,417,945
2015-03-16,18.2,15.2,11.7,121,6.7,87,400,1010
2015-03-17,19.3,14.2,11.7,315,0.0,76,531,1395
2015-03-18,18.8,13.6,13.2,298,0.0,70,592,1515
2015-03-19,19.2,12.2,8.1,311,0.0,69,396,1375
2015-03-20,20.3,12.4,9.0,322,0.0,67,324,1145
2015-03-21,22.0,14.8,7.4,331,0.0,69,355,1335
2015-03-22,23.2,16.8,11.5,306,0.0,63,439,1435
2015-03-23,24.0,17.6,10.6,314,0.0,62,429,1440
2015-03-24,24.2,15.6,7.0,341,0.0,64,335,1335
2015-03-25,25.2,17.2,6.4,66,0.0,61,364,1345
2015-03-26,26.7,20.2,5.3,351,0.0,58,362,1385
2015-03-27,27.3,21.8,7.3,338,0.0,56,490,1930
2015-03-28,25.5,16.4,6.1,3,0.0,52,365,1530
2015-03-29,25.7,20.7,13.6,119,0.4,52,455,1345
2015-03-30,22.2,19.5,17.5,110,5.1,75,546,1405
2015-03-31,22.9,17.4,8.1,99,0.1,70,484,1310
2015-04-01,24.3,17.9,6.9,80,0.6,66,490,1820
2015-04-02,26.5,19.2,9.1,124,0.0,56,557,1760
2015-04-03,23.5,19.1,9.2,150,10.8,72,342,1020
2015-04-04,20.8,18.6,5.4,120,17.8,83,377,1030
2015-04-05,22.4,15.5,5.1,30,0.0,68,528,1730
2015-04-06,23.8,16.2,6.9,337,0.0,58,642,2200
2015-04-07,22.3,16.9,6.0,36,5.5,67,446,1580
2015-04-08,23.5,16.6,6.7,345,0.3,62,607,2290
2015-04-09,24.0,17.0,10.9,311,0.0,57,594,1770
2015-04-10,25.4,17.7,10.1,313,0.0,51,595,2080
2015-04-11,26.1,18.2,5.0,333,0.1,49,615,2900
2015-04-12,24.4,20.2,8.0,136,0.0,56,417,1410
2015-04-13,23.6,18.9,10.5,95,7.1,70,574,1795
2015-04-14,24.2,19.1,9.3,98,0.6,70,600,1815
2015-04-15,25.5,19.3,8.4,107,0.0,63,667,1945
2015-04-16,26.1,20.5,7.6,57,0.0,62,659,1755
2015-04-17,27.4,19.7,10.4,310,0.0,56,709,2255
2015-04-18,29.6,21.0,8.8,311,0.0,46,612,2410
2015-04-19,31.3,21.2,6.7,184,0.0,39,474,1900
2015-04-20,31.5,24.6,11.1,116,0.1,38,625,2615
2015-04-21,31.0,22.4,9.8,317,0.0,36,1008,3505
2015-04-22,30.3,22.1,11.8,304,0.0,27,1004,3300
2015-04-23,30.7,21.6,7.4,344,0.0,24,1158,4200
2015-04-24,31.4,22.4,7.2,57,0.0,27,1282,4235
2015-04-25,29.8,23.5,16.4,112,0.3,36,652,1775
2015-04-26,28.6,23.2,17.8,108,0.0,49,860,1745
2015-04-27,29.6,23.8,14.5,115,0.9,50,759,2175
2015-04-28,29.9,24.1,11.2,98,3.9,50,906,3055
2015-04-29,29.9,23.2,8.9,100,0.0,46,887,2760
2015-04-30,30.6,22.8,14.2,116,1.1,46,891,2995
2015-05-01,30.4,24.1,11.1,43,0.0,40,909,2660
2015-05-02,30.2,22.0,9.1,337,0.0,29,940,3190
2015-05-03,30.3,21.0,6.9,352,0.0,25,960,3650
2015-05-04,30.6,20.9,7.1,301,0.0,28,930,3210
2015-05-05,31.6,20.9,8.8,317,0.0,28,815,3555
2015-05-06,32.7,22.4,8.8,292,0.0,27,889,4030
2015-05-07,33.7,24.1,11.6,291,0.0,25,1091,3885
2015-05-08,34.7,26.7,11.5,292,0.0,18,982,3695
2015-05-09,34.1,26.8,6.5,275,0.0,23,912,3985
2015-05-10,33.5,25.1,9.1,250,0.0,25,954,4110
2015-05-11,32.9,25.4,6.2,336,0.8,34,742,3125
2015-05-12,31.2,25.8,8.1,352,1.3,48,713,2230
2015-05-13,30.1,26.1,6.7,40,5.8,60,716,2230
2015-05-14,29.6,24.3,6.1,312,1.3,58,782,2385
2015-05-15,29.8,24.4,8.3,327,3.5,50,704,2900
2015-05-16,30.1,23.3,4.7,45,0.0,55,658,1910
2015-05-17,31.6,24.7,7.0,126,0.0,47,719,2060
2015-05-18,34.6,27.6,7.5,114,0.3,39,654,2405
2015-05-19,34.1,26.8,9.6,327,1.4,31,549,2350
2015-05-20,33.5,26.3,11.5,301,0.0,31,891,2935
2015-05-21,33.6,24.6,11.1,301,0.0,27,950,3755
2015-05-22,34.4,26.2,11.9,304,0.0,23,928,3375
2015-05-23,34.6,25.5,11.2,264,0.0,22,980,4705
2015-05-24,35.1,27.1,8.2,248,0.0,23,806,3995
2015-05-25,35.3,26.2,10.7,248,0.0,21,1231,4825
2015-05-26,35.4,27.7,10.3,276,0.0,18,1225,4650
2015-05-27,33.9,26.1,11.0,322,0.0,17,784,2600
2015-05-28,34.0,25.1,7.7,314,0.0,21,754,2590
2015-05-29,35.1,27.0,10.1,320,0.0,26,1053,3470
2015-05-30,35.0,27.7,9.8,304,0.0,27,1029,3490
2015-05-31,34.8,26.9,10.6,316,0.1,25,1256,4145
2015-06-01,33.2,25.9,6.8,136,0.2,30,897,3580
2015-06-02,32.1,27.2,6.4,98,0.3,35,1026,3400
2015-06-03,31.2,25.4,11.2,10,0.5,42,656,2020
2015-06-04,30.8,24.4,9.1,328,0.0,48,849,2580
2015-06-05,32.8,27.2,8.7,319,0.1,40,958,2710
2015-06-06,33.1,26.6,10.8,308,0.0,35,1056,2855
2015-06-07,34.3,26.2,8.8,306,0.0,31,1020,3070
2015-06-08,35.5,27.0,9.0,325,0.0,28,1048,3215
2015-06-09,36.3,29.5,18.1,287,0.0,25,1219,3370
2015-06-10,36.3,30.8,18.9,290,0.5,33,1372,2850
2015-06-11,35.8,30.8,15.0,283,0.1,34,1111,2650
2015-06-12,35.4,29.9,13.3,284,0.0,37,1080,2795
2015-06-13,34.1,30.2,9.7,223,2.4,38,513,2230
2015-06-14,29.0,25.6,6.2,102,3.7,69,517,1565
2015-06-15,29.4,23.8,6.1,173,5.6,69,526,1540
2015-06-16,31.9,27.1,5.5,290,0.0,60,702,1950
2015-06-17,32.7,27.8,5.1,340,0.4,58,692,1955
2015-06-18,34.1,28.6,5.2,166,0.0,46,769,2310
2015-06-19,34.5,29.4,8.3,130,0.1,48,765,2195
2015-06-20,32.7,28.8,17.0,97,1.1,58,779,1460
2015-06-21,32.1,28.9,11.8,81,1.7,62,683,1610
2015-06-22,31.9,26.7,10.5,79,0.6,62,671,1640
2015-06-23,33.1,28.6,8.3,86,0.0,56,681,1930
2015-06-24,31.1,26.6,7.4,96,16.8,70,508,1635
2015-06-25,26.1,25.2,7.9,20,32.6,92,271,485
2015-06-26,29.8,24.6,10.6,275,0.0,70,612,1490
2015-06-27,31.5,27.6,13.3,288,0.0,66,764,1680
2015-06-28,32.3,28.1,8.9,280,0.4,64,625,1880
2015-06-29,30.4,27.0,15.0,123,0.0,67,731,1265
2015-06-30,28.8,25.8,8.0,114,0.4,68,593,1260
2015-07-01,30.0,25.6,5.3,206,0.8,70,532,1675
2015-07-02,30.8,26.7,7.0,274,0.6,68,670,2160
2015-07-03,32.0,28.1,12.5,277,0.3,64,825,2035
2015-07-04,31.7,27.1,13.6,278,0.6,64,808,1635
2015-07-05,31.5,27.5,12.3,255,12.3,68,619,1920
2015-07-06,29.7,25.9,8.2,131,6.3,77,355,1080
2015-07-07,27.6,24.9,7.4,92,14.6,84,423,915
2015-07-08,28.2,25.4,6.0,141,16.5,84,380,1020
2015-07-09,27.8,25.7,4.7,221,18.7,87,350,940
2015-07-10,26.5,25.6,7.3,99,61.6,93,278,550
2015-07-11,24.8,23.9,12.5,37,44.1,91,362,655
2015-07-12,25.4,24.1,10.9,82,6.4,89,497,915
2015-07-13,27.9,24.0,7.0,236,1.6,80,361,895
2015-07-14,29.4,26.2,13.4,280,0.8,77,593,1165
2015-07-15,30.8,27.4,15.4,273,0.0,70,698,1470
2015-07-16,30.3,26.5,11.7,244,2.3,69,625,1550
2015-07-17,28.1,26.2,8.0,116,35.2,86,343,980
2015-07-18,28.9,26.4,5.7,112,5.3,83,402,1120
2015-07-19,28.6,26.3,6.0,85,12.5,84,366,1065
2015-07-20,27.5,25.5,7.5,84,17.4,88,308,720
2015-07-21,28.8,26.0,9.7,104,3.4,81,480,950
2015-07-22,29.0,26.9,10.1,102,1.8,82,532,1000
2015-07-23,29.4,27.2,12.5,102,0.3,76,579,1100
2015-07-24,28.8,26.8,9.8,122,5.6,80,499,1010
2015-07-25,28.7,26.1,12.1,102,3.2,81,627,1115
2015-07-26,28.1,26.4,24.3,113,1.6,77,966,1270
2015-07-27,27.6,24.3,15.6,144,0.0,75,795,1340
2015-07-28,27.7,24.7,13.3,158,0.2,75,692,1250
2015-07-29,27.4,24.9,17.0,145,0.0,74,798,1205
2015-07-30,27.6,25.2,13.7,184,2.1,79,662,1125
2015-07-31,27.8,25.7,11.4,216,0.5,76,598,995
2015-08-01,26.8,25.4,6.7,198,5.5,84,361,855
2015-08-02,27.6,25.5,3.4,171,2.3,83,355,1085
2015-08-03,28.8,25.7,6.3,295,0.7,81,432,1185
2015-08-04,29.1,25.7,5.6,318,1.3,80,494,1230
2015-08-05,28.5,25.7,4.9,95,7.2,87,400,1245
2015-08-06,28.0,26.1,3.4,161,10.8,87,294,890
2015-08-07,27.6,25.9,6.3,183,8.4,89,291,890
2015-08-08,25.7,24.7,6.3,96,29.1,94,230,415
2015-08-09,25.9,24.4,6.4,293,53.0,93,247,630
2015-08-10,27.5,25.5,4.4,306,6.8,88,258,815
2015-08-11,27.2,25.6,8.4,100,11.1,91,314,695
2015-08-12,28.3,25.8,7.9,123,0.5,83,399,890
2015-08-13,29.1,26.2,5.2,117,0.5,82,391,1280
2015-08-14,28.7,26.0,5.7,126,6.4,85,327,925
2015-08-15,27.9,26.3,5.2,95,11.1,88,207,650
2015-08-16,27.3,25.4,3.5,129,6.5,89,280,770
2015-08-17,28.7,25.1,4.6,277,0.3,83,372,1240
2015-08-18,28.9,26.0,7.5,276,3.2,84,402,1375
2015-08-19,29.0,25.8,12.4,276,1.8,78,584,1455
2015-08-20,29.2,26.7,13.6,266,0.0,71,635,1215
2015-08-21,28.5,25.7,9.7,265,0.3,73,501,1085
2015-08-22,27.9,25.2,8.1,280,2.6,76,462,1145
2015-08-23,28.2,24.5,5.1,276,5.1,82,377,1135
2015-08-24,28.6,25.4,9.8,286,0.4,76,546,1370
2015-08-25,29.5,26.4,12.8,286,0.0,71,551,1315
2015-08-26,30.0,26.6,10.5,289,0.0,72,474,1260
2015-08-27,29.6,26.3,4.8,298,1.6,79,385,1280
2015-08-28,29.2,25.1,5.7,67,0.7,82,366,1245
2015-08-29,30.1,26.5,6.8,310,0.0,78,454,1510
2015-08-30,30.1,26.1,8.5,293,0.2,75,448,1555
2015-08-31,30.0,26.4,10.8,292,0.0,68,526,1615
2015-09-01,29.4,25.6,11.7,286,0.0,63,593,1910
2015-09-02,29.0,25.5,11.6,276,0.0,59,547,1705
2015-09-03,29.1,25.2,10.3,293,0.0,57,452,1470
2015-09-04,29.7,24.0,7.2,299,0.0,61,466,1915
2015-09-05,28.8,23.2,11.0,293,0.0,60,584,2080
2015-09-06,28.7,23.3,9.9,286,0.0,57,570,2230
2015-09-07,29.0,24.2,10.7,295,0.0,55,625,2135
2015-09-08,29.2,23.0,10.9,294,0.0,58,564,2010
2015-09-09,29.4,23.8,11.3,311,0.0,56,598,1885
2015-09-10,29.1,22.1,9.0,318,0.0,60,541,2000
2015-09-11,28.9,21.9,7.6,343,0.0,61,481,1930
2015-09-12,28.9,22.6,6.8,88,0.3,69,464,1575
2015-09-13,29.9,25.1,5.7,87,0.0,69,526,1700
2015-09-14,30.5,24.1,6.2,24,0.0,62,584,2090
2015-09-15,30.2,24.5,6.6,93,0.0,63,540,1800
2015-09-16,30.2,25.7,7.5,97,0.0,66,549,1515
2015-09-17,29.6,24.7,6.8,88,0.4,72,579,1640
2015-09-18,29.2,26.7,10.1,85,1.6,72,562,1410
2015-09-19,28.0,24.6,7.2,76,24.3,84,374,1120
2015-09-20,28.8,26.1,7.2,97,5.0,83,437,1450
2015-09-21,28.1,25.3,6.8,120,9.5,85,397,1090
2015-09-22,28.5,25.2,11.9,140,2.0,79,530,1465
2015-09-23,27.0,24.0,12.2,302,0.3,75,656,1630
2015-09-24,26.9,23.9,14.0,287,0.0,67,607,1660
2015-09-25,26.5,22.4,11.2,288,0.0,67,555,1675
2015-09-26,27.0,22.3,8.1,286,0.0,66,468,1730
2015-09-27,27.8,22.4,7.4,311,0.0,64,463,1715
2015-09-28,26.8,21.5,7.9,329,0.0,66,439,1520
2015-09-29,26.4,19.9,8.9,332,0.0,63,475,1590
2015-09-30,26.5,20.4,10.9,325,0.0,57,407,1180
2015-10-01,26.2,19.6,7.6,326,0.0,60,337,1110
2015-10-02,26.4,18.4,8.5,318,0.0,57,402,1485
2015-10-03,27.4,19.7,7.6,311,0.0,57,421,1595
2015-10-04,28.0,20.2,5.5,129,0.0,57,396,1820
2015-10-05,28.3,20.5,6.0,215,0.0,55,373,1685
2015-10-06,28.3,20.6,7.6,321,0.0,53,523,2060
2015-10-07,28.2,22.1,7.8,345,0.0,56,500,1845
2015-10-08,28.3,22.3,9.5,327,0.0,54,543,1995
2015-10-09,28.3,21.0,9.0,295,0.0,50,577,2385
2015-10-10,28.4,21.3,10.4,277,0.0,40,542,2445
2015-10-11,28.2,22.1,9.3,301,0.0,46,442,1670
2015-10-12,27.8,21.2,5.8,121,0.0,52,467,2000
2015-10-13,27.4,23.6,10.0,106,0.4,69,574,1560
2015-10-14,26.5,22.3,8.2,94,7.3,74,504,1650
2015-10-15,26.6,21.3,6.4,91,0.0,70,494,1745
2015-10-16,27.0,21.8,6.4,97,0.0,68,538,1810
2015-10-17,27.3,21.5,7.0,297,0.0,66,540,1960
2015-10-18,27.9,22.4,5.4,121,0.0,63,477,1815
2015-10-19,27.7,21.9,6.8,269,1.1,64,506,2295
2015-10-20,27.4,21.3,6.9,320,0.3,55,571,2760
2015-10-21,26.2,20.3,7.2,333,0.0,53,529,2005
2015-10-22,24.9,18.3,8.8,323,0.0,48,500,1875
2015-10-23,24.2,17.0,8.6,308,0.0,49,453,1775
2015-10-24,25.0,18.8,5.4,12,0.0,51,424,1705
2015-10-25,25.6,19.9,11.4,117,0.0,52,475,1715
2015-10-26,24.9,19.4,9.6,74,1.5,57,441,1560
2015-10-27,24.0,18.2,6.2,337,0.0,54,398,1825
2015-10-28,20.5,17.0,7.2,357,5.5,72,240,1445
2015-10-29,20.9,14.9,5.8,59,0.0,65,433,1580
2015-10-30,21.4,15.5,5.5,75,0.0,71,431,1695
2015-10-31,22.2,16.2,4.8,98,0.0,66,427,1595
2015-11-01,23.5,18.1,4.7,82,0.0,64,395,1455
2015-11-02,23.5,17.0,4.5,34,0.0,65,431,1540
2015-11-03,23.2,17.9,5.5,345,0.0,67,398,1550
2015-11-04,23.3,17.6,4.5,80,0.0,65,368,1485
2015-11-05,23.0,19.6,9.8,105,0.2,67,270,790
2015-11-06,23.1,19.3,5.3,116,0.0,68,334,1295
2015-11-07,22.4,17.3,4.2,64,0.0,73,334,1445
2015-11-08,22.9,18.3,6.8,71,0.0,73,418,1595
2015-11-09,23.0,17.6,6.3,46,0.0,69,401,1505
2015-11-10,22.6,17.6,6.6,2,0.6,66,343,1645
2015-11-11,22.1,17.0,10.8,317,0.0,54,423,1390
2015-11-12,22.1,16.9,10.5,305,0.0,52,385,1250
2015-11-13,22.6,16.4,8.9,301,0.0,59,359,1185
2015-11-14,23.2,17.9,8.9,301,0.0,58,375,1315
2015-11-15,23.1,16.1,4.9,326,0.0,56,286,1450
2015-11-16,22.9,18.2,9.2,328,1.0,53,434,1795
2015-11-17,20.3,14.6,10.4,311,0.0,44,383,1380
2015-11-18,19.0,11.3,8.4,307,0.0,47,288,1160
2015-11-19,19.6,12.1,5.5,339,0.0,53,266,1150
2015-11-20,19.3,12.2,5.7,342,0.0,62,274,1085
2015-11-21,19.5,12.2,5.6,320,0.0,60,250,1075
2015-11-22,19.1,12.2,6.0,320,0.0,62,242,965
2015-11-23,18.8,11.4,5.3,333,0.0,62,245,1055
2015-11-24,19.3,12.5,8.5,323,0.0,56,269,1035
2015-11-25,19.6,14.2,11.4,307,0.0,50,310,1040
2015-11-26,19.9,12.6,6.5,156,0.0,50,189,775
2015-11-27,19.3,13.7,7.3,358,0.0,69,337,1245
2015-11-28,19.9,16.4,9.6,82,0.0,68,489,1595
2015-11-29,19.6,13.5,5.6,90,0.0,67,300,1310
2015-11-30,20.9,16.1,5.4,1,0.0,72,314,1280
2015-12-01,20.7,15.5,6.3,355,0.0,69,283,1125
2015-12-02,19.6,15.7,7.0,331,0.0,64,355,1395
2015-12-03,18.2,12.4,9.9,306,0.0,65,334,1015
2015-12-04,18.5,13.1,10.6,292,0.0,63,291,985
2015-12-05,17.8,11.0,4.8,329,0.0,67,228,1030
2015-12-06,18.3,12.3,4.9,94,0.0,67,258,1220
2015-12-07,18.5,12.0,6.1,126,0.0,71,261,1175
2015-12-08,18.6,13.9,6.2,274,0.0,70,240,1120
2015-12-09,18.3,12.8,9.6,123,0.0,72,262,765
2015-12-10,19.3,14.2,9.0,116,0.2,73,279,1170
2015-12-11,17.7,13.2,7.8,290,0.0,65,421,1515
2015-12-12,14.7,10.0,9.8,302,0.0,65,435,1395
2015-12-13,14.2,9.2,8.5,299,0.0,63,410,1385
2015-12-14,13.7,8.4,10.7,304,0.0,53,397,1265
2015-12-15,13.6,8.1,11.0,296,0.0,52,338,1150
2015-12-16,12.9,5.4,6.2,223,0.0,57,246,1090
2015-12-17,13.2,6.3,6.9,90,0.0,63,320,1355
2015-12-18,13.3,7.3,9.6,306,0.0,62,300,1040
2015-12-19,13.6,7.5,8.5,299,0.0,60,267,960
2015-12-20,13.2,7.4,5.6,338,0.0,62,285,1285
2015-12-21,13.2,6.3,5.2,335,0.0,63,257,1095
2015-12-22,13.4,7.3,4.3,62,0.0,68,310,1240
2015-12-23,12.9,6.2,7.6,319,0.0,67,340,1235
2015-12-24,12.9,8.1,12.0,310,0.0,59,450,1620
2015-12-25,12.1,6.1,10.6,297,0.0,53,281,875
2015-12-26,13.7,7.8,11.7,295,0.0,49,281,760
2015-12-27,15.4,9.3,11.8,297,0.0,55,266,670
2015-12-28,17.1,12.2,13.4,301,0.0,54,295,650
2015-12-29,17.0,12.2,13.2,297,0.0,54,322,845
2015-12-30,16.2,10.0,7.7,315,0.0,61,200,775
2015-12-31,15.3,8.7,7.4,334,0.0,66,180,690
2016-01-01,14.9,9.3,6.1,327,0.0,68,194,735
2016-01-02,14.4,7.3,7.8,328,0.0,66,239,910
2016-01-03,14.9,8.7,10.2,295,0.0,63,236,795
2016-01-04,16.0,8.4,6.0,79,0.0,66,191,805
2016-01-05,18.0,12.5,5.6,108,0.0,69,206,885
2016-01-06,18.2,13.0,7.9,85,0.5,75,228,930
2016-01-07,17.8,11.8,5.8,29,0.0,75,269,1105
2016-01-08,17.1,12.2,9.1,309,0.0,75,369,1295
2016-01-09,15.7,10.7,13.0,291,0.0,63,450,1400
2016-01-10,15.6,9.1,7.8,306,0.0,68,326,1245
2016-01-11,16.1,9.9,5.9,55,0.0,72,303,1285
2016-01-12,16.5,10.2,9.5,124,0.0,71,281,1045
2016-01-13,16.0,10.9,6.3,28,0.0,76,261,970
2016-01-14,14.4,9.6,5.3,313,0.0,77,260,970
2016-01-15,13.3,8.5,8.8,315,0.0,75,350,1110
2016-01-16,13.1,8.8,10.3,295,0.0,74,436,1190
2016-01-17,12.8,7.6,4.3,346,0.0,77,272,1095
2016-01-18,12.6,7.1,5.0,352,0.0,78,246,905
2016-01-19,12.6,7.1,6.2,343,0.0,75,343,1265
2016-01-20,12.2,7.2,7.6,318,0.0,73,344,1420
2016-01-21,11.6,6.0,8.9,307,0.0,75,315,1035
2016-01-22,11.5,4.8,6.1,331,0.0,76,282,1095
2016-01-23,12.3,5.9,5.9,20,0.0,77,280,1080
2016-01-24,12.1,6.5,6.6,350,0.0,78,295,1085
2016-01-25,10.7,5.0,6.9,338,0.0,80,252,875
2016-01-26,13.0,7.2,4.3,70,0.0,75,221,845
2016-01-27,15.7,10.3,5.2,62,0.0,74,289,1160
2016-01-28,15.7,9.4,8.0,309,0.0,72,244,830
2016-01-29,17.1,11.4,5.5,27,0.2,72,239,970
2016-01-30,19.4,13.7,5.7,77,0.5,73,256,1195
2016-01-31,17.4,12.8,10.7,321,0.0,77,328,880
2016-02-01,15.1,9.7,10.0,325,0.0,65,310,975
2016-02-02,14.2,7.4,9.6,307,0.0,58,402,1360
2016-02-03,14.4,8.3,12.4,305,0.0,53,412,1215
2016-02-04,14.8,8.3,11.0,301,0.0,52,308,1025
2016-02-05,14.7,6.9,8.6,306,0.0,58,252,930
2016-02-06,15.8,7.1,7.9,102,0.0,59,279,940
2016-02-07,15.4,12.1,9.0,37,4.0,74,239,740
2016-02-08,15.0,8.6,7.5,325,0.0,74,321,1210
2016-02-09,15.9,9.5,8.3,307,0.0,69,304,1080
2016-02-10,16.3,9.1,6.1,12,0.0,67,331,1350
2016-02-11,17.6,12.2,9.8,153,0.0,56,451,1870
2016-02-12,16.6,9.4,5.4,30,0.0,65,416,1880
2016-02-13,16.1,11.8,10.0,18,0.7,62,387,1320
2016-02-14,15.9,9.3,9.4,321,0.0,65,351,1310
2016-02-15,15.7,9.4,7.7,333,0.0,60,396,1415
2016-02-16,15.8,8.9,7.2,342,0.0,55,291,970
2016-02-17,18.0,11.0,7.8,347,0.2,54,218,735
2016-02-18,20.4,14.7,7.9,346,1.4,61,255,830
2016-02-19,22.7,17.0,5.7,325,0.0,66,152,500
2016-02-20,21.8,18.1,7.0,276,14.4,75,294,930
2016-02-21,19.2,14.6,14.7,301,0.0,65,475,1200
2016-02-22,18.8,13.0,15.9,296,0.0,52,465,1200
2016-02-23,19.1,12.4,10.0,286,0.0,54,398,1430
2016-02-24,18.6,11.3,6.1,184,0.0,58,259,1165
2016-02-25,19.5,11.4,8.3,126,0.0,59,306,1295
2016-02-26,20.7,13.7,6.5,103,0.0,59,383,1465
2016-02-27,20.6,12.1,5.5,91,0.0,60,402,1565
2016-02-28,21.5,14.9,6.0,122,0.0,61,394,1630
2016-02-29,21.9,15.0,6.9,114,0.0,62,398,1560
2016-03-01,22.5,16.1,4.6,102,0.0,62,416,1700
2016-03-02,23.3,15.6,5.4,40,0.0,62,348,1430
2016-03-03,23.5,15.9,6.7,15,0.2,60,285,1380
2016-03-04,23.8,16.2,8.1,320,0.0,51,383,1595
2016-03-05,22.4,17.0,12.1,11,12.2,59,432,1820
2016-03-06,20.2,16.0,9.9,77,2.6,75,347,1295
2016-03-07,21.3,15.0,6.6,350,0.0,69,375,1330
2016-03-08,21.7,16.3,8.9,303,0.0,66,482,1545
2016-03-09,21.5,14.9,8.9,300,0.0,62,525,1765
2016-03-10,22.5,15.1,8.5,312,0.0,62,409,1540
2016-03-11,23.3,18.0,9.3,135,2.2,65,385,2035
2016-03-12,21.2,17.5,10.7,93,22.2,77,498,2050
2016-03-13,21.2,16.3,11.9,113,0.0,71,410,1425
2016-03-14,20.6,16.2,7.4,56,0.9,77,360,960
2016-03-15,20.8,14.4,7.3,332,0.0,66,526,2085
2016-03-16,20.7,14.0,11.4,308,0.0,56,448,1365
2016-03-17,22.8,16.3,9.6,120,0.1,56,316,1135
2016-03-18,23.8,18.6,9.9,113,0.0,59,470,1460
2016-03-19,23.9,17.7,6.3,93,0.5,60,335,1895
2016-03-20,24.7,18.1,7.2,27,0.0,56,438,1760
2016-03-21,23.9,17.5,15.2,326,0.0,45,895,2670
2016-03-22,22.4,16.2,19.8,301,0.0,36,703,1380
2016-03-23,23.5,16.2,13.7,300,0.0,39,451,1250
2016-03-24,25.0,16.3,6.6,99,0.0,47,267,1005
2016-03-25,26.5,17.1,7.9,121,0.0,50,314,1245
2016-03-26,25.2,18.7,13.0,323,0.0,53,403,1045
2016-03-27,24.7,18.4,11.1,313,0.0,45,492,1575
2016-03-28,24.4,16.6,9.5,314,0.0,41,617,1900
2016-03-29,25.2,18.1,9.9,303,0.0,42,545,1625
2016-03-30,26.5,17.9,6.1,292,0.0,45,518,2400
2016-03-31,28.0,19.2,6.9,312,0.0,40,595,2605
2016-04-01,29.2,21.9,10.9,304,0.0,39,553,1805
2016-04-02,29.9,21.4,7.4,324,0.0,41,465,1865
2016-04-03,31.2,24.3,6.7,299,1.8,44,414,2385
2016-04-04,30.1,23.3,8.8,269,0.0,34,625,2710
2016-04-05,29.0,21.5,11.7,323,0.0,37,810,2485
2016-04-06,28.4,22.5,7.6,334,0.0,30,810,3010
2016-04-07,27.1,19.8,11.1,295,0.0,37,810,3070
2016-04-08,27.1,17.8,6.2,343,0.0,38,892,2910
2016-04-09,28.9,20.2,8.2,356,0.0,27,868,3010
2016-04-10,29.5,24.0,8.7,342,0.0,29,731,2630
2016-04-11,28.3,21.2,15.6,319,0.0,33,915,2780
2016-04-12,27.9,21.2,17.5,299,0.0,33,904,2235
2016-04-13,29.7,22.7,17.0,298,0.0,30,1014,2850
2016-04-14,30.9,22.7,12.0,304,0.0,29,948,3105
2016-04-15,31.8,22.4,9.6,308,0.0,31,725,2365
2016-04-16,32.7,24.5,10.1,291,0.0,30,784,2860
2016-04-17,33.1,26.5,7.8,268,0.0,26,787,2960
2016-04-18,32.5,26.3,7.2,311,0.0,32,983,3330
2016-04-19,31.4,25.7,6.1,78,0.1,37,603,2760
2016-04-20,31.6,23.7,12.3,301,0.0,26,1005,3065
2016-04-21,31.8,24.9,16.1,301,0.0,23,1020,2890
2016-04-22,31.8,24.3,7.5,323,0.0,25,1057,3695
2016-04-23,29.6,22.6,11.7,319,0.0,24,1289,4180
2016-04-24,28.8,19.2,10.2,335,0.0,21,1295,3985
2016-04-25,30.0,21.0,9.3,334,0.0,19,942,3395
2016-04-26,30.6,21.5,6.9,349,0.2,23,806,3555
2016-04-27,31.0,22.0,8.4,296,0.0,22,993,4600
2016-04-28,31.4,22.1,10.5,319,0.0,19,1255,4380
2016-04-29,31.3,22.3,9.8,309,0.0,19,1190,4580
2016-04-30,31.2,21.0,8.3,306,0.0,21,930,3175
2016-05-01,32.8,23.3,10.7,294,0.0,20,950,3135
2016-05-02,34.4,24.9,7.1,295,0.4,19,1049,4635
2016-05-03,32.1,27.5,10.3,89,1.6,32,406,2375
2016-05-04,30.9,24.8,12.9,120,1.0,48,745,3810
2016-05-05,29.3,24.8,13.0,102,0.1,50,805,2270
2016-05-06,29.2,23.6,5.5,146,0.0,54,627,2040
2016-05-07,30.8,24.6,6.6,149,0.0,41,820,2690
2016-05-08,30.8,25.4,10.3,102,0.0,45,645,2625
2016-05-09,32.1,26.2,13.3,115,0.5,42,762,2500
2016-05-10,32.2,26.6,13.1,109,1.0,46,629,1760
2016-05-11,31.7,26.6,10.8,91,0.2,51,639,1955
2016-05-12,32.5,25.4,6.7,341,0.0,49,809,2900
2016-05-13,34.5,27.9,7.3,15,0.0,30,895,3495
2016-05-14,34.9,27.4,6.9,68,0.0,30,781,2675
2016-05-15,34.9,26.6,7.3,322,0.0,29,916,3650
2016-05-16,35.2,26.6,10.0,311,0.0,25,1212,4470
2016-05-17,35.1,26.3,10.6,310,0.0,22,1069,3315
2016-05-18,35.3,25.6,6.9,317,0.0,23,931,3100
2016-05-19,34.8,27.7,13.7,120,0.3,36,672,1985
2016-05-20,34.6,29.4,14.5,111,0.3,43,792,2170
2016-05-21,33.9,27.3,14.7,117,0.0,53,868,1920
2016-05-22,34.6,28.2,10.3,102,1.8,47,860,3085
2016-05-23,33.6,26.1,10.1,108,4.5,52,650,2555
2016-05-24,31.7,26.5,10.6,115,1.8,59,814,2005
2016-05-25,31.6,25.2,7.9,239,0.6,53,771,2495
2016-05-26,32.9,25.4,6.7,259,0.0,49,819,2425
2016-05-27,34.8,28.5,12.0,289,2.0,37,1044,2930
2016-05-28,33.9,28.9,13.4,278,2.3,37,1021,2895
2016-05-29,31.2,26.9,12.7,130,6.9,54,599,1490
2016-05-30,28.8,24.0,10.5,108,3.4,68,547,1395
2016-05-31,31.7,25.1,7.7,261,0.2,57,725,2425
2016-06-01,33.8,27.0,8.2,304,0.0,48,866,2650
2016-06-02,34.9,28.1,9.6,300,0.0,37,865,2855
2016-06-03,34.2,26.5,7.2,24,0.5,42,818,2915
2016-06-04,35.3,27.7,8.5,97,0.0,45,908,3030
2016-06-05,34.4,29.0,13.1,110,3.3,55,950,3240
2016-06-06,34.1,29.3,12.7,106,2.6,53,835,2385
2016-06-07,34.1,29.2,12.4,104,1.1,52,841,2115
2016-06-08,33.9,28.9,10.6,109,0.7,51,746,2545
2016-06-09,34.4,28.7,11.2,121,0.2,51,794,2095
2016-06-10,34.4,29.2,7.8,174,2.6,50,722,2960
2016-06-11,34.2,28.9,10.1,292,0.1,50,857,2420
2016-06-12,33.3,27.0,9.6,281,3.6,53,816,2355
2016-06-13,34.4,29.3,11.4,272,0.7,47,938,2560
2016-06-14,32.3,26.9,10.1,270,1.8,61,702,1745
2016-06-15,31.7,28.5,6.6,129,1.5,65,788,1910
2016-06-16,32.4,28.0,14.6,108,0.0,61,775,1720
2016-06-17,32.6,27.1,11.2,111,0.2,62,753,1800
2016-06-18,31.4,26.4,12.4,114,14.8,67,779,1705
2016-06-19,32.3,28.9,12.5,110,0.3,64,848,1635
2016-06-20,32.8,29.2,13.3,114,0.0,63,646,1395
2016-06-21,30.8,27.7,13.1,123,1.8,72,731,1890
2016-06-22,30.9,26.7,8.0,129,1.4,69,604,1425
2016-06-23,32.8,27.8,6.5,170,0.0,63,647,1760
2016-06-24,33.8,28.6,7.8,318,0.6,58,750,2000
2016-06-25,34.2,29.9,12.6,108,0.0,59,866,2115
2016-06-26,32.3,27.3,12.0,110,3.1,65,803,1610
2016-06-27,32.1,27.0,9.5,112,3.3,67,688,1610
2016-06-28,30.1,26.2,9.6,96,10.4,77,537,1155
2016-06-29,32.0,27.1,9.2,91,10.5,70,659,1590
2016-06-30,33.1,27.9,7.0,101,0.4,66,677,1765
2016-07-01,31.8,27.2,10.8,148,23.3,73,605,1275
2016-07-02,27.7,26.0,8.4,115,67.9,86,387,855
2016-07-03,26.9,25.4,7.8,98,15.1,91,265,425
2016-07-04,28.8,25.3,4.2,67,1.2,81,353,1130
2016-07-05,31.0,26.9,5.5,266,0.3,75,445,1415
2016-07-06,30.0,27.1,7.4,166,2.6,79,475,1110
2016-07-07,30.3,26.6,8.7,147,1.5,76,480,1085
2016-07-08,30.8,27.1,6.1,157,2.5,76,430,1065
2016-07-09,30.5,27.4,7.8,116,1.3,76,494,1210
2016-07-10,31.1,27.6,5.6,144,0.0,75,521,1250
2016-07-11,29.3,26.8,9.4,127,4.3,82,458,855
2016-07-12,29.0,26.0,9.8,109,15.6,83,520,1180
2016-07-13,29.4,26.9,7.8,105,3.9,80,450,1030
2016-07-14,29.0,27.1,4.3,144,22.2,86,333,855
2016-07-15,28.0,25.6,5.8,235,31.3,89,302,915
2016-07-16,26.5,25.8,5.3,20,75.4,95,200,340
2016-07-17,26.0,25.4,9.1,322,50.8,94,276,510
2016-07-18,28.2,25.0,8.1,276,5.7,85,459,1245
2016-07-19,29.6,25.8,11.6,281,1.9,78,572,1410
2016-07-20,30.8,27.4,12.0,276,0.0,70,543,1365
2016-07-21,31.2,28.4,10.4,249,0.5,69,505,1250
2016-07-22,30.9,26.9,6.0,205,0.6,73,447,1245
2016-07-23,28.8,26.9,9.7,110,5.0,81,396,910
2016-07-24,28.8,25.7,6.0,117,3.1,83,324,875
2016-07-25,29.2,25.5,4.8,145,7.4,84,396,1180
2016-07-26,28.0,26.0,12.2,124,4.2,87,432,720
2016-07-27,27.2,25.7,12.1,109,6.5,86,487,870
2016-07-28,26.7,24.9,7.1,89,18.9,89,350,760
2016-07-29,25.8,24.7,6.5,102,18.7,94,280,375
2016-07-30,26.6,24.8,6.4,100,8.3,90,309,705
2016-07-31,26.8,24.7,5.9,73,7.6,89,275,570
2016-08-01,26.9,25.1,9.9,95,12.5,89,429,855
2016-08-02,27.5,24.7,10.8,102,10.6,86,547,1140
2016-08-03,29.2,25.7,9.8,96,0.0,79,515,1385
2016-08-04,29.6,27.2,9.6,97,4.8,79,545,1430
2016-08-05,30.1,27.3,7.8,106,1.1,80,488,1215
2016-08-06,28.6,27.1,11.9,78,1.0,85,400,690
2016-08-07,28.9,26.0,9.8,83,2.7,80,459,1255
2016-08-08,29.0,26.8,11.3,83,4.7,81,610,1355
2016-08-09,27.8,25.9,11.1,98,6.3,85,523,935
2016-08-10,27.3,25.8,11.1,93,10.5,88,505,915
2016-08-11,26.8,25.2,7.5,108,14.1,90,331,650
2016-08-12,27.2,25.1,5.0,41,11.9,89,314,920
2016-08-13,27.8,25.3,3.5,289,11.4,88,240,845
2016-08-14,27.7,25.3,6.5,273,13.9,89,269,695
2016-08-15,29.0,25.9,11.1,276,2.6,80,495,1370
2016-08-16,29.4,26.0,13.5,280,0.8,73,549,1255
2016-08-17,28.1,26.4,6.8,300,0.2,76,419,1015
2016-08-18,27.7,25.8,4.7,8,7.1,87,249,630
2016-08-19,28.9,25.9,6.1,9,1.3,82,364,1015
2016-08-20,28.6,26.3,13.6,96,2.9,80,733,1180
2016-08-21,27.9,25.4,12.0,118,0.0,78,672,1250
2016-08-22,27.9,24.2,9.7,110,0.0,79,537,1410
2016-08-23,28.4,25.8,7.5,100,0.1,82,468,1205
2016-08-24,27.3,26.1,14.1,95,12.8,85,626,1150
2016-08-25,28.4,25.5,7.4,127,1.3,85,483,1240
2016-08-26,28.9,26.1,4.6,160,1.5,82,400,1340
2016-08-27,28.4,25.0,8.4,82,6.5,86,419,1260
2016-08-28,29.0,26.3,7.5,106,6.3,84,412,1230
2016-08-29,27.5,25.5,5.3,325,13.7,89,269,960
2016-08-30,27.1,24.4,3.3,244,24.3,88,273,885
2016-08-31,26.8,25.0,6.1,128,18.5,91,261,560
2016-09-01,27.0,24.5,5.9,157,7.3,88,313,810
2016-09-02,28.2,25.1,10.7,296,0.4,80,529,1275
2016-09-03,28.2,25.6,15.5,284,0.2,74,624,1165
2016-09-04,28.2,24.7,13.7,272,0.0,73,535,1195
2016-09-05,27.9,24.4,14.6,274,0.1,72,571,1190
2016-09-06,28.2,25.3,15.6,275,0.0,70,597,1175
2016-09-07,28.3,24.9,12.9,277,0.0,68,514,1170
2016-09-08,28.4,25.2,12.1,284,0.1,68,476,1215
2016-09-09,28.8,25.1,12.4,277,0.0,68,523,1525
2016-09-10,29.0,25.5,13.3,273,0.0,65,539,1490
2016-09-11,28.9,25.4,11.5,273,0.0,64,546,1680
2016-09-12,28.8,25.5,11.3,277,0.0,65,496,1245
2016-09-13,29.0,25.1,6.5,317,0.0,70,432,1620
2016-09-14,27.9,24.2,6.5,65,0.1,79,395,1210
2016-09-15,28.7,25.0,4.7,28,0.0,75,421,1430
2016-09-16,29.1,25.2,5.7,20,0.0,73,428,1435
2016-09-17,28.7,24.0,4.3,72,0.0,73,377,1295
2016-09-18,28.7,24.5,6.6,110,0.0,76,388,1175
2016-09-19,29.0,24.4,3.8,140,0.0,74,434,1510
2016-09-20,30.0,25.3,5.3,143,0.0,67,473,1800
2016-09-21,29.6,26.1,10.2,105,0.0,72,512,1635
2016-09-22,26.9,23.9,13.1,108,2.0,84,535,940
2016-09-23,27.4,22.9,5.0,100,0.0,78,390,1245
2016-09-24,28.1,24.5,6.0,108,0.2,78,411,1350
2016-09-25,27.6,23.6,6.0,97,0.0,76,409,1245
2016-09-26,28.2,24.3,5.7,108,0.2,75,412,1340
2016-09-27,28.5,24.4,6.1,122,0.0,75,410,1270
2016-09-28,29.1,24.2,5.7,114,0.0,70,514,1675
2016-09-29,29.0,24.9,5.7,116,0.1,74,444,1490
2016-09-30,29.1,24.4,4.3,126,0.0,72,434,1410
2016-10-01,29.7,25.6,5.7,131,0.0,71,409,1335
2016-10-02,29.7,26.3,6.2,99,0.3,73,442,1300
2016-10-03,29.3,25.4,4.9,94,1.7,77,429,1385
2016-10-04,29.1,25.5,4.0,61,1.7,78,369,1365
2016-10-05,28.0,24.7,5.3,37,7.7,81,308,900
2016-10-06,28.2,24.3,4.4,72,0.0,78,387,1235
2016-10-07,28.5,24.2,6.3,321,0.0,72,501,1685
2016-10-08,28.3,23.1,7.7,332,0.0,65,477,1825
2016-10-09,28.0,21.7,5.7,257,0.0,64,412,1830
2016-10-10,27.3,22.7,7.0,309,0.0,58,419,1805
2016-10-11,26.6,19.7,9.3,303,0.0,52,531,2145
2016-10-12,26.4,19.3,9.5,297,0.0,50,499,2335
2016-10-13,26.0,18.3,9.2,290,0.0,47,502,2415
2016-10-14,25.3,17.3,7.3,300,0.0,47,392,1890
2016-10-15,25.3,17.5,7.3,308,0.0,53,416,1820
2016-10-16,25.5,17.9,7.6,312,0.0,52,459,2120
2016-10-17,25.7,18.4,7.4,296,0.0,52,574,2360
2016-10-18,24.8,17.2,7.2,303,0.0,52,414,1745
2016-10-19,24.9,17.1,6.7,282,0.0,53,414,2025
2016-10-20,25.5,18.7,9.4,276,0.0,42,444,2190
2016-10-21,25.9,19.7,10.9,288,0.0,43,559,2185
2016-10-22,25.9,19.8,11.3,292,0.0,46,573,2570
2016-10-23,25.3,18.8,11.5,296,0.0,49,531,1915
2016-10-24,25.2,18.4,9.7,287,0.0,49,543,2330
2016-10-25,25.3,19.4,10.4,298,0.0,49,584,2505
2016-10-26,24.9,17.3,7.2,325,0.0,55,469,2445
2016-10-27,23.9,16.2,8.8,324,0.0,55,400,1790
2016-10-28,23.7,16.7,7.7,293,0.0,49,361,1575
2016-10-29,23.8,17.9,5.7,110,0.0,50,375,1950
2016-10-30,23.3,16.4,6.4,80,0.0,62,375,1880
2016-10-31,23.6,18.8,5.6,39,0.0,62,370,1570
2016-11-01,22.7,15.8,6.0,328,0.0,64,342,1310
2016-11-02,23.1,16.2,6.2,334,0.0,64,374,1505
2016-11-03,23.1,15.5,5.7,340,0.0,63,325,1350
2016-11-04,22.6,15.4,6.7,304,0.0,63,405,1835
2016-11-05,22.5,15.7,8.4,305,0.0,62,360,1415
2016-11-06,22.3,15.0,7.1,327,0.0,60,302,1470
2016-11-07,22.1,15.6,9.5,306,0.0,57,416,1670
2016-11-08,22.4,17.1,12.9,295,0.0,50,435,1360
2016-11-09,21.7,15.1,9.5,299,0.0,51,287,1020
2016-11-10,21.0,13.3,7.1,323,0.0,59,247,1165
2016-11-11,21.0,13.7,7.4,111,0.0,64,261,1225
2016-11-12,21.6,14.7,7.6,134,0.0,60,347,1920
2016-11-13,21.9,15.6,4.9,134,0.0,58,219,1120
2016-11-14,21.9,17.0,4.7,11,0.0,61,397,2075
2016-11-15,21.3,16.9,6.7,335,0.0,52,454,2155
2016-11-16,20.1,14.0,8.7,312,0.0,52,342,1240
2016-11-17,20.0,14.0,12.5,297,0.0,50,338,980
2016-11-18,20.1,14.4,10.4,292,0.0,55,323,1000
2016-11-19,19.6,13.1,7.0,291,0.0,58,254,1050
2016-11-20,19.7,13.2,6.4,134,0.0,62,222,1085
2016-11-21,20.4,13.0,7.1,269,0.0,60,257,1260
2016-11-22,20.6,13.2,9.9,290,0.0,53,303,1130
2016-11-23,20.7,14.8,10.5,295,0.0,58,291,930
2016-11-24,20.0,13.0,10.2,307,0.0,56,326,1085
2016-11-25,21.3,15.3,17.8,302,0.0,43,444,900
2016-11-26,22.0,16.9,17.4,300,0.0,39,417,900
2016-11-27,21.5,15.7,14.8,299,0.0,42,378,1010
2016-11-28,20.9,16.1,12.6,299,0.0,41,335,950
2016-11-29,18.7,11.2,6.2,10,0.0,55,200,885
2016-11-30,19.1,12.2,8.1,112,0.0,71,253,1025
2016-12-01,19.9,14.2,6.0,73,0.0,75,320,1220
2016-12-02,19.2,13.7,5.8,309,0.0,72,281,1070
2016-12-03,18.2,11.5,6.6,291,0.0,62,255,1075
2016-12-04,17.7,10.8,7.5,292,0.0,59,257,1095
2016-12-05,18.0,11.3,8.1,291,0.0,63,253,975
2016-12-06,18.1,11.4,5.8,346,0.0,68,214,950
2016-12-07,18.2,11.0,4.8,350,0.0,72,211,895
2016-12-08,17.8,10.9,4.2,141,0.0,73,193,900
2016-12-09,18.2,11.4,4.4,225,0.0,71,190,850
2016-12-10,18.6,11.8,7.8,160,0.0,74,210,855
2016-12-11,19.2,12.7,5.7,269,0.0,71,170,690
2016-12-12,18.7,12.4,7.0,312,0.0,68,330,1880
2016-12-13,18.1,12.2,7.3,316,0.0,72,248,1105
2016-12-14,17.3,12.5,9.3,316,0.0,69,278,980
2016-12-15,16.3,10.9,11.4,293,0.0,61,332,1070
2016-12-16,15.3,8.4,7.6,316,0.0,64,225,905
2016-12-17,15.2,9.1,8.0,313,0.0,66,228,830
2016-12-18,15.0,9.0,8.4,308,0.0,64,215,750
2016-12-19,15.3,8.7,11.1,298,0.0,63,254,725
2016-12-20,17.2,12.1,16.7,296,0.0,57,385,820
2016-12-21,17.3,11.7,14.8,292,0.0,52,346,740
2016-12-22,16.4,9.9,7.5,317,0.0,60,231,745
2016-12-23,16.7,10.3,3.2,320,0.0,68,144,665
2016-12-24,16.1,9.5,9.6,125,0.0,73,248,855
2016-12-25,16.2,11.9,9.1,218,0.0,78,381,1170
2016-12-26,16.1,11.4,11.5,309,0.0,73,329,935
2016-12-27,15.7,9.7,10.2,300,0.0,63,256,820
2016-12-28,15.8,8.4,6.3,292,0.0,68,196,825
2016-12-29,15.8,9.6,8.7,122,0.0,76,217,775
2016-12-30,16.0,11.2,9.1,118,0.0,80,260,820
2016-12-31,15.6,10.6,9.3,125,0.0,79,286,910
2017-01-01,15.7,11.3,9.1,99,0.0,80,406,1470
2017-01-02,15.5,10.7,7.0,22,0.0,82,293,1165
2017-01-03,16.1,10.4,5.2,303,0.0,75,297,1270
2017-01-04,16.6,10.3,5.8,178,0.0,74,278,1140
2017-01-05,16.7,10.9,6.6,201,0.0,78,269,1235
2017-01-06,16.8,12.4,10.8,143,1.8,77,335,1525
2017-01-07,14.6,11.4,10.7,118,5.4,87,272,870
2017-01-08,13.6,10.6,8.0,44,0.0,81,290,900
2017-01-09,13.0,8.4,9.5,339,0.0,72,336,1265
2017-01-10,11.0,6.4,10.9,303,0.0,60,380,1215
2017-01-11,9.7,4.6,10.7,292,0.0,58,498,1990
2017-01-12,10.1,4.2,8.9,307,0.0,64,294,1135
2017-01-13,10.5,5.0,9.2,320,0.0,66,253,915
2017-01-14,11.3,4.4,7.5,316,0.0,64,218,810
2017-01-15,13.8,8.3,6.7,176,0.0,63,216,820
2017-01-16,14.5,10.5,11.6,285,0.2,62,364,1245
2017-01-17,10.7,6.0,9.7,301,0.0,76,348,990
2017-01-18,11.5,5.2,8.8,332,0.0,73,254,750
2017-01-19,12.9,7.1,13.5,320,0.0,66,324,800
2017-01-20,12.0,6.5,12.3,297,0.0,68,270,675
2017-01-21,13.2,7.3,9.5,294,0.1,66,185,515
2017-01-22,15.7,9.7,8.0,328,0.0,73,202,730
2017-01-23,16.3,10.6,9.2,313,0.0,71,252,965
2017-01-24,16.9,10.4,6.7,345,0.0,71,193,775
2017-01-25,18.4,13.7,12.9,124,12.8,75,281,820
2017-01-26,16.3,13.7,11.8,122,33.3,90,179,325
2017-01-27,14.7,12.4,12.9,282,1.8,81,492,1320
2017-01-28,14.2,10.1,10.0,305,0.0,82,372,1110
2017-01-29,14.9,11.0,12.4,290,0.0,82,309,760
2017-01-30,14.8,10.1,7.3,285,0.0,84,246,865
2017-01-31,15.6,11.1,6.9,327,0.0,84,243,1015
2017-02-01,14.7,9.8,9.0,299,0.0,81,328,1280
2017-02-02,14.7,9.2,6.3,326,0.0,79,257,980
2017-02-03,14.7,9.3,6.9,335,0.0,82,202,750
2017-02-04,16.8,11.7,14.6,126,0.0,79,290,630
2017-02-05,17.7,14.6,13.0,117,3.2,79,356,925
2017-02-06,16.2,11.8,10.7,310,0.1,78,329,1330
2017-02-07,14.3,9.7,11.4,301,0.0,73,287,735
2017-02-08,14.8,9.2,8.2,297,0.0,73,264,915
2017-02-09,14.7,9.5,10.9,323,0.0,72,419,1410
2017-02-10,14.5,9.9,12.4,303,0.0,68,377,1205
2017-02-11,14.0,8.0,8.1,311,0.0,70,260,920
2017-02-12,15.0,8.4,7.6,354,0.0,72,347,1305
2017-02-13,15.8,9.9,9.3,316,0.0,68,338,1105
2017-02-14,16.4,10.2,10.5,295,0.0,65,265,875
2017-02-15,17.6,11.1,9.7,292,0.0,65,239,890
2017-02-16,19.9,13.3,12.7,301,0.0,61,283,1030
2017-02-17,20.1,15.0,12.0,299,0.0,64,298,875
2017-02-18,20.6,14.2,10.2,304,0.0,66,282,1095
2017-02-19,21.5,15.1,8.9,308,0.0,62,258,1165
2017-02-20,22.4,16.4,7.6,161,0.0,63,435,2720
2017-02-21,19.4,14.7,10.3,276,0.0,64,545,1915
2017-02-22,18.9,12.9,8.9,320,0.0,57,584,2160
2017-02-23,17.9,11.4,13.8,310,0.0,44,522,1685
2017-02-24,18.3,12.4,17.7,303,0.0,37,579,1615
2017-02-25,19.3,13.1,16.9,295,0.0,39,472,1430
2017-02-26,18.8,12.9,13.2,297,0.0,46,456,1660
2017-02-27,19.4,12.2,11.2,302,0.0,48,376,1600
2017-02-28,22.0,15.3,5.6,4,0.0,47,267,1100
2017-03-01,22.2,18.4,7.3,357,2.9,56,328,1775
2017-03-02,20.3,14.5,7.4,341,1.3,62,451,2240
2017-03-03,19.7,13.5,10.3,329,0.0,46,439,1690
2017-03-04,18.4,12.2,11.4,306,0.0,43,475,1670
2017-03-05,18.8,12.0,13.4,301,0.0,43,522,2185
2017-03-06,19.4,12.5,11.9,297,0.0,43,492,1990
2017-03-07,20.5,13.5,8.0,351,0.0,46,328,1325
2017-03-08,20.5,16.5,11.3,55,1.2,50,423,1740
2017-03-09,19.1,14.1,9.6,68,0.3,64,514,2130
2017-03-10,17.1,13.3,11.1,131,12.1,77,376,1225
2017-03-11,16.1,12.0,10.0,75,1.3,76,600,1915
2017-03-12,15.9,10.3,9.6,327,0.0,63,694,2320
2017-03-13,16.2,10.3,11.7,314,0.0,53,502,1660
2017-03-14,17.5,9.7,8.2,334,0.0,53,405,1545
2017-03-15,18.9,11.3,9.7,313,0.0,54,417,1585
2017-03-16,20.3,13.6,8.3,318,0.0,52,331,1355
2017-03-17,19.8,13.8,11.4,315,0.0,56,627,2100
2017-03-18,20.5,13.7,8.8,313,0.0,50,412,1435
2017-03-19,21.5,15.9,7.8,296,1.3,55,538,2375
2017-03-20,21.8,15.2,11.7,287,0.0,56,552,1940
2017-03-21,23.5,16.0,11.9,290,0.0,48,537,2210
2017-03-22,25.5,18.0,12.3,290,0.0,48,430,1695
2017-03-23,25.8,17.8,7.8,279,0.2,50,383,2210
2017-03-24,26.0,19.4,12.2,319,0.0,47,490,2025
2017-03-25,25.4,17.6,12.8,307,0.0,41,539,1845
2017-03-26,26.7,19.7,15.1,296,0.0,38,537,1920
2017-03-27,28.4,21.7,16.9,304,0.0,40,592,1900
2017-03-28,28.9,21.3,12.0,309,0.0,43,530,2330
2017-03-29,29.7,22.7,14.2,297,0.0,39,547,1980
2017-03-30,29.8,22.8,13.6,299,0.0,36,727,2770
2017-03-31,30.0,22.9,10.8,294,0.0,39,536,2525
2017-04-01,29.8,22.4,12.9,302,0.0,35,790,3350
2017-04-02,29.4,22.2,13.4,300,0.0,29,655,2325
2017-04-03,29.1,21.3,10.6,300,0.0,31,549,3595
2017-04-04,29.0,21.2,10.5,15,0.0,32,588,2420
2017-04-05,28.3,23.2,20.4,112,1.1,41,729,1795
2017-04-06,28.7,21.0,17.5,165,0.0,40,1131,3610
2017-04-07,26.4,19.2,10.2,8,0.0,40,1119,3475
2017-04-08,25.5,17.4,10.2,305,0.0,24,792,2430
2017-04-09,25.6,19.6,17.4,316,0.0,22,844,2285
2017-04-10,25.9,18.9,20.5,303,0.0,22,978,2650
2017-04-11,28.1,20.1,19.1,299,0.0,24,936,2810
2017-04-12,29.5,21.4,15.6,306,0.0,26,936,3285
2017-04-13,30.3,20.7,8.8,322,0.0,27,715,2665
2017-04-14,30.9,23.6,8.6,160,0.0,28,640,3585
2017-04-15,31.3,22.2,10.2,296,0.0,27,902,3290
2017-04-16,31.0,23.2,8.7,340,0.0,31,541,2225
2017-04-17,31.9,24.6,10.7,107,0.0,38,759,2875
2017-04-18,32.7,23.6,8.8,279,0.0,35,732,3635
2017-04-19,33.7,25.7,11.2,287,0.0,20,775,3555
2017-04-20,33.7,24.3,9.7,278,0.0,25,779,2900
2017-04-21,33.3,25.9,10.8,145,0.0,38,588,2140
2017-04-22,32.5,27.1,8.6,18,2.0,47,619,2850
2017-04-23,31.4,24.7,10.8,298,0.0,38,980,3680
2017-04-24,30.4,24.1,11.6,300,2.1,31,947,3490
2017-04-25,30.5,23.4,13.3,301,0.0,24,1251,3830
2017-04-26,29.9,22.3,10.3,277,0.0,23,1326,4400
2017-04-27,30.6,22.9,8.4,309,0.0,24,1062,3665
2017-04-28,30.4,22.7,9.5,287,0.3,29,962,3900
2017-04-29,30.8,23.9,7.1,183,0.0,30,542,3600
2017-04-30,30.0,23.4,12.1,110,0.1,34,899,3665
2017-05-01,29.9,22.0,7.4,25,0.0,31,918,3035
2017-05-02,31.9,24.8,5.7,255,0.0,22,862,3885
2017-05-03,31.6,26.4,8.9,225,0.0,25,1117,4255
2017-05-04,31.6,25.8,12.9,284,0.0,25,1002,3025
2017-05-05,31.7,23.2,10.4,310,0.0,26,950,3375
2017-05-06,33.2,24.7,9.2,313,0.0,24,800,2710
2017-05-07,34.5,25.2,8.6,306,0.0,23,931,4125
2017-05-08,34.2,26.0,8.1,319,0.0,23,711,3440
2017-05-09,33.7,25.6,13.4,107,0.0,32,773,3725
2017-05-10,32.3,26.9,14.5,117,1.8,44,608,1720
2017-05-11,33.6,27.1,10.6,100,0.0,38,840,3095
2017-05-12,33.1,26.4,9.1,38,1.4,37,848,3490
2017-05-13,33.6,26.1,9.4,320,0.1,33,1101,3595
2017-05-14,35.0,26.8,9.9,300,0.0,23,1230,4075
2017-05-15,35.2,27.3,9.6,269,0.0,22,1212,4335
2017-05-16,33.8,27.3,11.8,314,0.7,28,1053,3360
2017-05-17,31.1,25.4,8.0,295,1.0,40,683,2885
2017-05-18,31.5,25.7,9.5,179,0.4,43,1122,3305
2017-05-19,33.1,26.3,8.3,229,0.0,38,835,3390
2017-05-20,33.1,25.9,8.0,266,0.0,31,960,3140
2017-05-21,32.4,25.8,9.5,291,0.0,34,808,3470
2017-05-22,30.7,24.3,7.1,285,0.9,44,569,1925
2017-05-23,31.5,25.1,9.4,288,0.1,42,1034,3085
2017-05-24,33.0,25.9,8.8,133,0.2,40,940,2920
2017-05-25,33.5,27.5,8.0,97,0.0,39,1059,3245
2017-05-26,35.4,27.8,10.5,115,0.0,33,932,3040
2017-05-27,32.9,28.3,15.7,121,0.2,46,879,2425
2017-05-28,32.4,27.9,16.8,122,0.3,51,849,1935
2017-05-29,29.9,25.4,13.8,124,2.4,57,754,1655
2017-05-30,30.0,24.6,7.3,101,0.5,61,884,2165
2017-05-31,30.9,26.2,12.4,132,0.2,57,653,1590
2017-06-01,31.4,26.8,7.4,304,0.0,55,816,2165
2017-06-02,32.6,24.9,8.9,273,0.0,43,941,2740
2017-06-03,35.2,27.2,12.2,292,0.0,35,1045,3060
2017-06-04,37.3,29.7,16.4,275,0.0,26,1168,3630
2017-06-05,37.9,34.0,19.3,271,0.0,29,1307,2980
2017-06-06,36.8,32.1,16.4,276,0.3,36,1376,2970
2017-06-07,31.7,26.9,13.0,102,0.6,57,723,1470
2017-06-08,31.4,27.0,6.4,146,3.8,57,567,1580
2017-06-09,31.0,26.4,6.4,230,0.3,55,682,2330
2017-06-10,32.2,26.1,6.4,288,0.6,51,727,2625
2017-06-11,32.1,25.8,7.0,314,0.2,46,721,2455
2017-06-12,32.8,25.7,10.6,303,0.0,42,973,2785
2017-06-13,33.7,27.0,9.8,267,0.1,37,1003,2860
2017-06-14,34.4,27.1,12.2,264,0.4,35,902,3140
2017-06-15,32.9,27.4,10.6,285,2.2,48,1000,2880
2017-06-16,31.0,24.2,6.6,136,0.4,49,508,1425
2017-06-17,30.5,24.7,7.2,203,7.0,61,648,1815
2017-06-18,30.8,25.2,8.7,262,3.1,66,563,1720
2017-06-19,31.4,26.9,11.7,266,5.5,65,672,2065
2017-06-20,29.7,25.0,5.6,64,10.2,70,374,1270
2017-06-21,28.7,24.0,10.0,272,2.4,71,568,1550
2017-06-22,29.1,25.0,8.3,271,0.0,68,504,1565
2017-06-23,29.3,25.4,7.5,281,5.5,71,622,1970
2017-06-24,31.6,26.2,4.5,247,0.0,60,617,1880
2017-06-25,33.1,29.2,8.2,107,0.2,58,637,2110
2017-06-26,33.5,29.0,11.5,102,2.3,60,844,1880
2017-06-27,32.9,28.1,11.6,114,1.1,62,843,1640
2017-06-28,29.4,26.8,12.7,90,24.1,80,388,1030
2017-06-29,27.8,25.7,12.6,120,3.6,85,519,890
2017-06-30,27.8,25.9,7.8,140,15.1,86,378,975
2017-07-01,28.6,26.4,5.8,116,10.5,85,388,1015
2017-07-02,27.9,25.6,9.3,116,12.4,86,415,700
2017-07-03,29.2,26.0,6.1,157,3.5,82,433,1150
2017-07-04,30.8,27.6,14.9,271,3.8,75,593,1370
2017-07-05,30.8,27.6,12.3,256,0.4,71,602,1375
2017-07-06,30.1,27.0,8.5,250,1.0,72,466,1185
2017-07-07,29.9,25.7,9.2,165,1.7,75,513,1425
2017-07-08,31.0,26.7,8.0,286,0.1,72,569,1625
2017-07-09,32.2,28.3,11.0,275,0.0,64,556,1715
2017-07-10,32.0,29.0,13.5,254,0.4,60,676,1775
2017-07-11,30.4,27.5,9.8,204,1.4,69,488,1455
2017-07-12,28.2,26.0,12.1,135,1.1,78,402,665
2017-07-13,29.2,26.0,12.9,95,0.6,72,633,1260
2017-07-14,29.7,27.1,13.5,92,0.6,73,775,1395
2017-07-15,29.5,27.1,12.7,106,9.6,76,646,1120
2017-07-16,29.8,27.1,9.4,109,5.1,79,566,1240
2017-07-17,29.7,27.5,8.3,97,5.8,80,379,835
2017-07-18,30.2,27.0,6.6,117,4.3,79,518,1310
2017-07-19,31.5,27.7,6.3,48,2.0,73,446,1525
2017-07-20,29.4,25.5,11.0,104,14.0,78,491,1025
2017-07-21,29.7,27.8,12.2,92,5.7,76,666,1360
2017-07-22,28.4,26.6,18.3,98,1.8,79,756,1140
2017-07-23,28.0,25.6,17.9,100,5.3,82,734,1290
2017-07-24,27.6,25.1,15.1,109,6.3,84,610,1085
2017-07-25,27.7,25.2,13.8,105,5.6,83,515,1025
2017-07-26,28.7,25.4,10.5,112,0.7,80,457,995
2017-07-27,29.4,26.3,11.9,103,1.9,75,499,935
2017-07-28,29.1,27.0,14.2,94,0.9,76,710,1380
2017-07-29,28.9,26.6,17.1,115,1.8,77,743,1270
2017-07-30,28.5,26.3,9.2,157,2.3,80,567,1240
2017-07-31,27.3,25.7,7.2,233,17.6,87,280,630
2017-08-01,26.8,25.5,10.5,256,4.8,90,382,635
2017-08-02,28.2,26.1,9.8,277,2.6,83,457,925
2017-08-03,28.9,26.2,14.0,274,1.0,77,660,1190
2017-08-04,29.1,26.7,11.0,258,0.7,74,498,935
2017-08-05,29.8,27.1,6.9,261,3.8,72,414,1045
2017-08-06,29.5,27.5,6.9,284,1.3,79,346,1215
2017-08-07,28.4,25.8,5.4,170,17.7,87,308,910
2017-08-08,28.6,25.9,4.9,125,12.5,86,326,1065
2017-08-09,27.9,25.7,5.4,188,17.3,89,251,700
2017-08-10,28.8,25.7,11.6,266,10.2,81,489,1075
2017-08-11,30.2,27.5,18.5,268,0.2,70,754,1195
2017-08-12,30.0,27.6,20.6,262,0.3,69,743,1155
2017-08-13,29.8,26.8,15.4,249,0.5,71,626,1015
2017-08-14,29.7,26.5,8.1,247,0.2,69,494,1105
2017-08-15,29.8,27.1,9.4,270,0.6,71,498,1190
2017-08-16,30.4,27.2,12.6,280,0.0,67,572,1380
2017-08-17,31.1,27.7,12.8,274,0.0,64,569,1470
2017-08-18,31.1,27.5,10.8,310,0.0,65,473,1360
2017-08-19,28.2,27.0,13.4,109,6.3,83,509,820
2017-08-20,29.6,26.1,13.1,103,0.4,74,559,1250
2017-08-21,29.2,26.7,11.8,103,6.2,78,624,1290
2017-08-22,28.8,26.6,8.3,104,6.0,81,436,1045
2017-08-23,28.0,26.5,8.3,114,3.8,86,302,780
2017-08-24,28.6,25.6,5.9,137,1.7,84,354,1090
2017-08-25,28.1,26.2,5.6,117,6.7,86,325,980
2017-08-26,27.6,25.3,4.9,67,26.7,88,374,1215
2017-08-27,28.6,25.4,6.3,78,1.8,83,445,1325
2017-08-28,27.4,25.9,13.6,87,2.0,84,642,1235
2017-08-29,27.9,25.8,15.0,87,8.0,80,718,1350
2017-08-30,28.2,26.4,14.9,100,4.4,81,690,1180
2017-08-31,26.4,24.7,10.0,124,24.2,90,364,980
2017-09-01,26.5,24.9,10.0,225,33.7,88,420,1005
2017-09-02,25.7,25.0,9.8,253,24.7,88,311,715
2017-09-03,27.5,24.4,6.4,273,0.5,80,361,1325
2017-09-04,28.6,25.3,10.3,279,0.0,78,429,1395
2017-09-05,28.5,25.3,10.1,277,0.1,77,413,1260
2017-09-06,28.7,25.9,7.3,261,1.5,76,422,1295
2017-09-07,27.4,24.1,6.6,295,0.4,84,336,1065
2017-09-08,28.2,24.9,6.2,314,0.3,81,411,1290
2017-09-09,28.7,24.7,8.2,297,0.0,76,457,1385
2017-09-10,29.8,25.6,5.9,180,0.0,73,357,1555
2017-09-11,29.7,26.0,6.9,329,0.0,72,396,1455
2017-09-12,29.4,25.7,7.2,292,0.0,71,441,1515
2017-09-13,29.8,25.9,6.5,283,0.0,69,435,1395
2017-09-14,29.5,26.0,6.1,342,0.0,73,411,1525
2017-09-15,29.3,25.0,7.8,329,0.0,69,462,1625
2017-09-16,28.7,25.3,6.0,333,0.0,71,344,1200
2017-09-17,28.7,25.8,9.8,320,0.0,69,333,1080
2017-09-18,29.1,24.1,9.5,327,0.0,65,429,1415
2017-09-19,29.5,24.8,5.8,82,0.1,74,422,1265
2017-09-20,30.0,25.2,5.2,39,0.0,67,462,1585
2017-09-21,29.1,25.1,10.7,109,0.0,72,540,1005
2017-09-22,25.6,23.9,11.7,43,12.4,85,469,775
2017-09-23,24.3,22.8,10.6,331,18.0,91,356,570
2017-09-24,25.3,21.0,11.3,315,0.0,83,338,1000
2017-09-25,27.5,22.5,10.0,310,0.0,76,389,1240
2017-09-26,28.3,23.7,6.5,300,0.0,71,369,1450
2017-09-27,28.4,23.6,6.4,202,0.0,66,383,1635
2017-09-28,28.6,23.8,6.2,271,0.0,64,412,1735
2017-09-29,29.0,24.1,6.8,340,0.0,64,369,1350
2017-09-30,28.8,23.4,7.6,321,0.0,63,332,1340
2017-10-01,28.4,21.8,6.7,256,0.0,59,285,1365
2017-10-02,29.0,22.5,7.0,273,0.0,57,232,1040
2017-10-03,28.1,21.7,7.9,350,0.0,59,278,1085
2017-10-04,28.1,22.0,7.7,348,0.0,62,316,1315
2017-10-05,28.1,22.5,8.5,11,0.0,65,363,1360
2017-10-06,27.9,22.8,8.9,343,0.0,56,357,1430
2017-10-07,27.7,20.9,6.8,321,0.0,52,355,1420
2017-10-08,27.4,21.5,6.4,33,0.0,62,306,1330
2017-10-09,27.9,22.4,7.7,93,0.0,63,303,1115
2017-10-10,27.9,21.9,6.9,74,0.0,60,372,1360
2017-10-11,27.9,22.3,7.2,81,0.0,59,421,1705
2017-10-12,28.2,22.4,6.8,335,0.0,55,490,2125
2017-10-13,28.1,22.2,7.3,296,0.0,48,490,2225
2017-10-14,28.0,21.6,7.5,322,0.0,51,293,1315
2017-10-15,28.0,21.1,6.6,348,0.0,52,221,930
2017-10-16,27.9,20.9,7.5,351,0.0,52,216,985
2017-10-17,26.5,19.8,9.3,325,0.0,51,313,1415
2017-10-18,26.2,20.1,7.8,339,0.0,62,295,1130
2017-10-19,27.3,20.6,6.6,39,0.0,63,342,1280
2017-10-20,28.0,21.6,7.1,27,0.0,58,385,1560
2017-10-21,27.1,20.4,8.5,335,0.0,53,465,2360
2017-10-22,27.0,19.8,8.3,161,0.0,49,466,2735
2017-10-23,26.5,19.2,6.7,28,0.0,55,487,2755
2017-10-24,25.5,19.5,10.2,310,0.0,51,494,2410
2017-10-25,25.1,17.9,7.0,303,0.0,46,386,1895
2017-10-26,24.7,18.0,7.2,132,0.0,51,488,2170
2017-10-27,24.0,17.9,6.4,130,0.0,60,360,1805
2017-10-28,24.7,19.0,6.8,83,0.0,61,336,1450
2017-10-29,23.9,17.5,6.5,80,0.0,61,432,1755
2017-10-30,23.4,17.4,6.4,16,0.0,63,360,1450
2017-10-31,24.0,17.9,4.8,78,0.0,63,395,1865
2017-11-01,24.4,19.7,7.8,130,0.0,61,382,1725
2017-11-02,23.9,18.3,6.5,76,0.0,69,365,1595
2017-11-03,23.4,18.2,6.6,69,0.0,70,415,1510
2017-11-04,22.9,17.8,7.4,82,0.0,73,381,1315
2017-11-05,23.9,18.5,4.8,69,0.0,67,446,1635
2017-11-06,23.7,17.9,6.3,314,0.0,64,456,1655
2017-11-07,22.9,17.3,6.2,342,0.0,71,453,1690
2017-11-08,22.9,16.3,7.1,330,0.0,68,372,1625
2017-11-09,22.2,16.6,7.8,354,0.0,72,365,1790
2017-11-10,22.1,15.9,7.8,2,0.0,68,370,1665
2017-11-11,21.3,15.2,7.5,353,0.0,69,325,1580
2017-11-12,21.0,14.9,7.5,322,0.0,70,379,1565
2017-11-13,20.9,16.4,6.4,105,0.0,70,352,1580
2017-11-14,21.1,15.9,11.9,121,0.0,66,526,2220
2017-11-15,20.8,16.6,9.1,97,0.0,64,433,1605
2017-11-16,20.0,15.5,8.6,30,0.2,66,361,1485
2017-11-17,19.9,15.4,9.4,339,0.1,69,331,1085
2017-11-18,20.2,16.4,10.7,320,0.1,67,314,990
2017-11-19,19.0,15.4,12.7,318,0.0,52,372,965
2017-11-20,17.0,12.0,11.6,304,0.0,50,421,1250
2017-11-21,16.5,11.2,11.8,285,0.0,51,411,1335
2017-11-22,16.7,10.8,11.8,287,0.0,51,376,1290
2017-11-23,16.6,11.1,11.6,293,0.0,47,324,1200
2017-11-24,16.9,10.2,9.9,286,0.0,47,262,980
2017-11-25,17.0,11.4,9.7,283,0.0,52,233,835
2017-11-26,17.0,10.1,8.4,330,0.0,61,240,1050
2017-11-27,17.3,11.4,11.1,284,0.0,56,287,1000
2017-11-28,17.4,10.8,8.8,273,0.0,58,275,1330
2017-11-29,17.8,11.5,7.3,110,0.0,63,230,1175
2017-11-30,17.4,11.6,7.0,319,0.0,66,270,1280
2017-12-01,17.1,9.4,5.8,309,0.0,60,269,1320
2017-12-02,17.3,11.1,5.2,53,0.0,57,304,1480
2017-12-03,17.4,11.2,4.4,321,0.0,53,269,1310
2017-12-04,16.6,9.4,6.4,309,0.0,61,277,1160
2017-12-05,17.3,13.9,6.4,307,0.0,60,203,720
2017-12-06,17.5,14.1,8.4,290,0.0,51,256,725
2017-12-07,17.4,14.3,11.3,303,0.1,37,281,755
2017-12-08,16.7,11.2,11.8,288,0.0,37,246,705
2017-12-09,16.7,10.3,7.2,300,0.0,46,196,850
2017-12-10,17.0,10.5,5.4,351,0.0,60,195,890
2017-12-11,17.2,11.4,7.0,169,2.1,67,213,835
2017-12-12,16.5,13.4,5.6,32,5.6,84,328,995
2017-12-13,14.3,11.4,6.2,323,0.0,83,273,965
2017-12-14,13.6,9.6,9.0,320,0.0,71,252,815
2017-12-15,13.0,7.9,12.5,312,0.0,70,267,690
2017-12-16,12.7,7.6,15.1,296,0.0,63,338,780
2017-12-17,13.7,8.3,17.0,290,0.0,51,291,590
2017-12-18,15.6,10.1,17.8,290,0.0,46,295,630
2017-12-19,14.7,9.4,11.2,302,0.0,59,206,545
2017-12-20,15.3,10.5,7.6,316,0.0,74,149,485
2017-12-21,16.2,11.8,8.0,319,0.0,79,198,665
2017-12-22,16.3,11.1,14.9,294,0.0,66,344,1080
2017-12-23,15.7,10.9,14.0,288,0.0,59,306,920
2017-12-24,15.6,10.0,5.4,339,0.0,65,203,995
2017-12-25,15.1,9.1,8.8,300,0.0,70,269,975
2017-12-26,14.4,8.9,9.8,289,0.0,72,221,760
2017-12-27,15.2,8.4,6.9,284,0.0,66,181,785
2017-12-28,14.9,8.5,7.9,325,0.0,71,192,865
2017-12-29,14.1,8.1,8.1,335,0.0,76,209,890
2017-12-30,14.1,8.1,6.7,314,0.0,76,237,940
2017-12-31,12.9,7.3,6.8,322,0.0,75,227,1030
2018-01-01,13.1,6.8,5.9,295,0.0,66,331,1680
2018-01-02,13.4,6.5,5.8,297,0.0,69,229,960
2018-01-03,12.2,6.9,7.7,290,0.0,74,235,870
2018-01-04,11.8,5.9,7.0,277,0.0,74,212,870
2018-01-05,12.3,6.6,6.8,117,0.0,74,215,895
2018-01-06,12.0,5.5,7.4,306,0.0,76,227,955
2018-01-07,11.9,6.1,12.0,282,0.0,69,317,1030
2018-01-08,12.1,6.8,10.8,283,0.0,70,271,920
2018-01-09,12.1,5.8,9.6,287,0.0,71,230,760
2018-01-10,13.3,7.3,14.3,285,0.0,68,265,720
2018-01-11,13.9,8.3,14.7,283,0.0,63,287,745
2018-01-12,14.8,8.9,10.9,279,0.0,58,262,860
2018-01-13,14.0,6.5,8.1,308,0.0,69,258,1050
2018-01-14,13.5,7.3,9.8,285,0.0,69,222,770
2018-01-15,13.9,7.2,12.0,293,0.0,63,260,805
2018-01-16,14.6,9.0,12.1,283,0.0,57,236,720
2018-01-17,13.6,7.8,10.3,124,0.0,74,188,660
2018-01-18,15.1,8.9,7.4,307,0.0,76,164,660
2018-01-19,15.6,9.7,9.1,300,0.0,74,284,1105
2018-01-20,14.5,8.7,11.9,285,0.0,64,272,800
2018-01-21,14.1,7.1,6.8,259,0.0,57,213,870
2018-01-22,14.1,7.1,7.8,133,0.0,67,195,795
2018-01-23,13.4,10.7,11.9,125,6.0,79,249,690
2018-01-24,12.7,8.3,7.6,298,0.8,82,339,1280
2018-01-25,13.1,8.6,11.6,291,0.0,79,344,1030
2018-01-26,12.5,7.6,8.5,310,0.0,80,305,1255
2018-01-27,12.1,7.2,9.0,307,0.0,77,248,920
2018-01-28,12.8,6.8,9.1,305,0.0,75,239,865
2018-01-29,13.8,7.5,10.6,296,0.0,74,228,705
2018-01-30,16.3,10.0,16.7,293,0.0,68,345,705
2018-01-31,17.6,12.8,18.4,293,0.0,64,471,945
2018-02-01,17.4,11.2,10.9,299,0.0,67,232,775
2018-02-02,16.8,11.0,7.8,313,0.0,72,250,1020
2018-02-03,16.3,10.9,9.1,332,0.0,60,331,1325
2018-02-04,14.4,8.6,11.0,304,0.0,59,270,895
2018-02-05,14.8,6.9,8.0,318,0.0,56,223,755
2018-02-06,16.0,11.6,11.5,317,0.0,52,237,680
2018-02-07,14.4,8.7,12.4,307,0.0,53,288,935
2018-02-08,13.8,6.8,9.2,317,0.0,60,274,1005
2018-02-09,14.4,7.7,9.1,320,0.0,60,256,995
2018-02-10,16.7,8.7,6.2,40,0.0,51,241,1090
2018-02-11,16.2,9.2,11.4,112,1.6,57,245,735
2018-02-12,15.8,12.8,16.6,105,2.9,79,445,1035
2018-02-13,15.4,10.1,7.8,1,0.0,79,353,1150
2018-02-14,15.5,10.0,14.8,306,0.0,66,437,1210
2018-02-15,16.8,11.9,15.6,300,0.0,64,386,895
2018-02-16,17.7,11.7,11.8,296,0.0,66,312,945
2018-02-17,18.0,12.7,11.7,299,0.0,67,364,1245
2018-02-18,17.6,11.9,9.7,316,0.0,59,352,1410
2018-02-19,17.4,10.0,7.6,304,0.0,58,266,1080
2018-02-20,19.4,11.8,8.2,314,0.0,60,272,1080
2018-02-21,21.4,15.2,6.9,297,0.0,58,243,1045
2018-02-22,21.7,14.1,7.8,323,0.0,63,279,1275
2018-02-23,21.9,15.8,6.3,28,0.0,69,259,1060
2018-02-24,21.1,17.0,8.5,95,1.9,73,302,1230
2018-02-25,21.0,16.3,9.8,334,0.3,68,435,1390
2018-02-26,20.5,15.3,16.8,297,0.0,63,476,1170
2018-02-27,21.5,15.7,11.4,305,0.0,62,359,1075
2018-02-28,21.6,15.1,8.2,315,0.0,67,338,1325
2018-03-01,21.4,15.3,9.0,326,0.0,65,241,885
2018-03-02,23.1,17.0,8.8,324,0.0,58,333,1305
2018-03-03,22.6,16.6,7.7,300,0.0,60,534,2525
2018-03-04,21.5,17.1,10.6,320,1.2,59,421,1945
2018-03-05,20.4,14.6,10.0,317,0.0,57,586,2135
2018-03-06,20.3,14.4,12.5,302,0.0,53,548,1605
2018-03-07,21.1,14.3,11.6,304,0.0,52,427,1365
2018-03-08,22.3,16.1,5.2,11,0.0,53,360,1495
2018-03-09,22.9,15.9,8.8,322,1.1,52,524,2190
2018-03-10,23.1,16.5,12.4,307,0.0,48,485,2190
2018-03-11,23.3,17.2,11.6,307,0.0,52,404,1440
2018-03-12,23.7,16.5,10.8,299,0.0,53,472,1990
2018-03-13,25.4,17.2,9.0,264,0.0,49,591,2790
2018-03-14,25.8,20.3,8.7,174,0.0,37,329,1330
2018-03-15,23.8,18.7,9.8,280,0.0,42,505,2150
2018-03-16,22.7,16.5,9.7,326,0.0,48,661,2690
2018-03-17,21.9,15.7,12.3,310,0.0,40,635,2005
2018-03-18,22.7,16.4,11.3,316,0.0,41,523,1895
2018-03-19,23.6,14.8,8.5,304,0.0,41,365,1590
2018-03-20,24.3,16.1,6.5,317,0.2,49,445,2180
2018-03-21,23.6,18.2,10.7,356,1.6,56,482,2320
2018-03-22,23.0,17.1,8.3,351,0.3,56,611,2025
2018-03-23,23.0,17.1,9.4,305,0.0,54,750,2310
2018-03-24,24.3,17.4,10.8,317,0.0,48,646,1990
2018-03-25,25.0,18.5,12.8,307,0.0,44,769,2435
2018-03-26,26.0,18.8,13.6,301,0.0,42,581,1810
2018-03-27,26.3,18.4,9.8,304,0.0,40,578,2195
2018-03-28,27.9,20.6,9.4,303,0.0,37,596,3025
2018-03-29,27.2,19.6,13.4,303,0.0,34,808,3500
2018-03-30,26.8,20.7,14.4,294,0.0,34,636,2350
2018-03-31,25.7,18.6,11.9,110,0.0,47,517,1555
2018-04-01,26.5,20.8,10.7,110,0.0,45,606,1775
2018-04-02,28.0,20.7,8.5,126,0.0,45,751,2430
2018-04-03,28.7,22.2,9.0,127,1.7,44,644,2240
2018-04-04,29.2,21.7,8.3,72,0.0,43,778,3515
2018-04-05,28.6,21.9,6.4,24,2.1,49,495,1915
2018-04-06,27.9,22.0,6.9,109,1.1,52,522,2500
2018-04-07,26.9,20.9,10.6,114,3.4,54,395,1190
2018-04-08,26.7,21.4,13.0,114,1.3,55,756,2530
2018-04-09,25.6,21.9,10.3,94,3.5,62,338,1125
2018-04-10,26.7,21.3,8.6,145,3.1,58,487,2100
2018-04-11,25.3,21.5,12.8,75,2.5,63,439,1430
2018-04-12,25.4,19.8,6.1,347,0.2,61,590,1770
2018-04-13,26.2,19.0,8.5,327,0.0,43,755,2255
2018-04-14,27.2,19.2,10.4,322,0.0,34,750,2730
2018-04-15,28.8,20.8,8.8,323,0.0,35,741,3530
2018-04-16,29.2,23.2,10.5,134,5.4,36,648,3965
2018-04-17,29.4,22.4,8.9,354,1.3,35,849,3870
2018-04-18,29.4,22.2,15.5,311,0.0,28,1026,3020
2018-04-19,30.0,23.3,11.5,315,0.0,28,1102,4190
2018-04-20,30.3,21.7,16.2,192,1.1,27,1438,4590
2018-04-21,27.0,19.5,12.4,311,0.0,34,831,2285
2018-04-22,27.5,20.9,15.0,314,0.0,25,894,2375
2018-04-23,28.3,20.9,13.6,303,0.0,23,859,2615
2018-04-24,30.1,21.6,10.1,291,0.0,20,935,2920
2018-04-25,31.8,22.9,10.2,265,0.0,20,1051,4265
2018-04-26,32.5,23.8,9.1,278,0.0,20,858,3655
2018-04-27,30.9,25.7,13.5,114,1.2,43,524,2615
2018-04-28,30.7,25.4,13.3,115,0.9,44,846,2575
2018-04-29,30.8,23.4,9.8,84,0.4,43,738,3840
2018-04-30,31.0,24.2,11.3,124,0.7,42,722,3305
2018-05-01,30.5,24.4,17.7,111,10.5,52,681,1530
2018-05-02,29.8,23.4,17.1,113,5.9,54,756,1710
2018-05-03,28.7,23.4,16.1,116,0.0,58,743,1800
2018-05-04,29.0,24.4,13.5,102,0.0,55,766,1895
2018-05-05,30.3,24.3,7.7,32,0.0,48,977,2840
2018-05-06,31.0,25.5,10.4,4,0.0,38,699,2380
2018-05-07,30.5,23.5,8.6,354,0.0,37,770,3580
2018-05-08,27.2,22.9,9.1,308,3.5,46,771,2485
2018-05-09,28.1,20.8,7.2,359,2.2,44,724,2855
2018-05-10,30.2,22.0,8.3,304,0.0,38,963,3015
2018-05-11,32.5,24.3,9.2,320,0.0,36,817,2835
2018-05-12,32.3,27.1,9.6,112,1.1,42,552,3285
2018-05-13,29.6,24.9,11.7,81,3.8,56,543,2390
2018-05-14,30.0,22.7,8.0,102,0.0,52,646,1960
2018-05-15,31.2,24.7,8.4,103,0.0,50,596,2015
2018-05-16,31.9,25.0,8.1,287,0.4,42,719,2455
2018-05-17,32.7,25.4,8.2,314,0.0,30,757,3090
2018-05-18,32.5,26.5,6.9,40,0.0,32,721,3120
2018-05-19,32.1,25.6,6.5,238,1.5,38,775,3585
2018-05-20,32.9,25.7,10.2,318,0.0,28,889,3160
2018-05-21,33.7,26.1,11.7,336,0.0,17,819,2655
2018-05-22,35.5,28.0,9.8,324,0.0,18,830,3100
2018-05-23,34.5,28.3,10.2,48,0.1,26,720,3245
2018-05-24,33.8,27.6,9.2,16,0.0,30,856,3490
2018-05-25,34.6,25.9,9.3,294,0.0,25,1155,3930
2018-05-26,34.9,27.0,9.2,304,0.0,17,1290,4555
2018-05-27,35.3,26.9,10.8,237,0.0,19,1184,4540
2018-05-28,34.8,27.0,9.2,104,0.0,28,1052,3810
2018-05-29,34.0,27.5,12.6,125,0.0,33,963,4065
2018-05-30,32.8,27.1,14.3,121,0.7,49,698,1555
2018-05-31,34.3,27.2,11.1,121,0.0,45,832,2545
2018-06-01,33.9,29.1,18.0,108,4.8,48,846,1670
2018-06-02,33.0,27.0,15.6,108,0.0,49,828,1640
2018-06-03,32.9,28.2,13.3,103,0.0,53,855,1975
2018-06-04,34.9,29.6,16.0,116,0.0,45,989,2260
2018-06-05,35.3,30.9,16.1,109,0.7,45,1089,2285
2018-06-06,33.4,29.1,12.3,100,0.8,55,751,1585
2018-06-07,34.1,28.4,8.3,104,0.0,53,822,2185
2018-06-08,34.8,30.8,16.1,115,0.0,52,926,1985
2018-06-09,31.5,27.3,14.0,119,15.2,69,611,1625
2018-06-10,31.5,26.4,6.6,291,1.9,68,522,1580
2018-06-11,34.0,28.0,11.1,296,0.0,52,807,2180
2018-06-12,35.5,28.6,13.5,279,0.0,40,797,2490
2018-06-13,36.4,31.8,16.8,267,0.0,38,854,1945
2018-06-14,36.0,31.2,19.8,259,0.0,37,1018,2100
2018-06-15,35.5,32.1,17.8,263,0.0,36,1012,2200
2018-06-16,34.9,31.2,14.1,267,0.0,41,1044,2460
2018-06-17,31.7,28.5,10.4,12,0.2,58,787,1935
2018-06-18,31.1,26.8,8.2,310,0.6,55,665,1825
2018-06-19,32.6,26.3,8.5,316,0.0,51,760,2100
2018-06-20,34.9,28.9,5.7,356,0.0,45,848,2540
2018-06-21,35.4,29.8,7.4,330,0.0,42,877,2730
2018-06-22,36.5,31.9,5.8,30,0.0,38,897,2780
2018-06-23,35.9,30.8,8.5,341,0.0,39,727,2745
2018-06-24,35.6,30.6,9.2,293,0.0,39,963,2725
2018-06-25,36.3,31.1,13.2,288,0.0,36,1059,2775
2018-06-26,32.9,29.3,9.3,267,1.8,52,556,1470
2018-06-27,29.2,25.5,9.0,86,29.8,78,522,1835
2018-06-28,28.6,25.6,14.5,99,12.6,81,580,1220
2018-06-29,29.4,25.8,16.6,111,4.3,76,876,1550
2018-06-30,29.6,26.6,8.5,138,4.9,79,584,1310
2018-07-01,30.7,27.7,10.8,268,4.7,75,736,1460
2018-07-02,30.6,25.4,12.0,260,15.2,72,692,1635
2018-07-03,30.6,28.4,8.6,224,0.7,68,500,1635
2018-07-04,29.1,27.1,8.9,255,4.8,78,474,1380
2018-07-05,30.8,26.7,6.0,275,0.0,71,535,1610
2018-07-06,31.1,26.9,8.2,300,0.0,67,617,1740
2018-07-07,31.7,27.3,7.8,307,0.0,65,626,1715
2018-07-08,32.9,27.9,6.3,329,0.0,61,672,1935
2018-07-09,32.9,29.0,9.6,112,0.1,64,763,1770
2018-07-10,32.8,28.8,11.8,118,0.3,67,802,1610
2018-07-11,31.8,28.4,9.6,123,4.5,72,640,1240
2018-07-12,29.6,26.1,7.9,111,25.5,80,578,1250
2018-07-13,29.1,26.5,8.3,110,6.6,82,463,1045
2018-07-14,28.5,25.7,8.6,105,6.4,85,391,795
2018-07-15,29.4,26.2,9.4,111,7.4,83,532,1165
2018-07-16,29.1,27.2,9.3,95,10.9,85,459,945
2018-07-17,30.4,27.5,9.3,100,3.5,80,553,1450
2018-07-18,30.1,28.3,9.8,90,12.2,80,518,1525
2018-07-19,30.1,27.4,6.5,94,13.3,80,507,1645
2018-07-20,29.4,27.2,4.2,79,8.3,84,306,990
2018-07-21,28.4,26.4,5.5,123,20.9,89,292,905
2018-07-22,27.4,25.4,4.9,137,30.6,91,314,745
2018-07-23,28.8,26.1,6.5,87,5.1,86,402,1145
2018-07-24,30.0,26.9,5.0,131,1.5,78,410,1240
2018-07-25,28.8,27.0,6.6,238,8.2,85,319,675
2018-07-26,26.9,25.7,7.1,347,16.3,91,239,455
2018-07-27,26.8,25.1,6.6,7,14.2,90,333,445
2018-07-28,28.1,24.9,12.6,264,2.8,83,477,1055
2018-07-29,29.0,25.5,9.2,273,2.4,82,487,1250
2018-07-30,29.2,26.4,10.4,267,2.4,79,491,1110
2018-07-31,29.7,26.8,11.9,269,2.5,76,506,1190
2018-08-01,29.9,26.1,12.5,258,0.4,74,531,1595
2018-08-02,30.5,27.5,12.0,260,0.2,70,621,1515
2018-08-03,30.4,27.8,13.1,260,0.0,67,629,1595
2018-08-04,30.4,27.7,12.4,245,0.0,66,664,1380
2018-08-05,29.1,27.0,11.8,217,1.3,72,410,825
2018-08-06,26.8,25.6,5.7,141,4.6,86,258,680
2018-08-07,26.6,25.1,4.9,74,19.4,91,363,955
2018-08-08,27.9,25.0,8.4,99,9.4,86,431,1215
2018-08-09,29.2,26.4,8.6,103,2.9,82,489,1275
2018-08-10,29.5,26.2,5.7,253,2.9,83,406,1305
2018-08-11,29.8,26.0,13.7,269,2.7,78,555,1210
2018-08-12,28.8,27.1,9.2,250,2.1,79,448,895
2018-08-13,29.1,26.6,5.2,145,2.5,77,409,1030
2018-08-14,29.3,26.4,6.3,179,1.0,79,394,1260
2018-08-15,29.0,26.2,7.4,120,7.4,84,400,1070
2018-08-16,29.1,26.5,6.9,76,3.4,85,413,1190
2018-08-17,29.4,26.9,10.1,99,3.4,83,502,1075
2018-08-18,29.2,26.9,7.2,104,6.4,84,334,1080
2018-08-19,28.9,26.8,6.0,257,4.9,87,289,830
2018-08-20,29.2,26.7,5.3,112,3.6,86,310,975
2018-08-21,29.5,26.0,6.6,107,2.5,85,432,1230
2018-08-22,29.3,26.8,5.7,123,10.1,84,332,915
2018-08-23,28.3,26.2,7.6,267,12.4,88,355,895
2018-08-24,28.6,25.5,10.1,256,9.1,83,477,1050
2018-08-25,28.5,26.3,12.5,260,1.8,79,559,1260
2018-08-26,28.6,25.9,8.4,290,1.7,80,484,1210
2018-08-27,27.5,25.9,4.2,14,6.0,89,340,885
2018-08-28,27.6,25.6,7.4,85,14.0,88,336,860
2018-08-29,28.0,25.8,5.9,106,4.6,89,290,795
2018-08-30,29.0,25.7,6.2,208,3.5,85,338,1005
2018-08-31,29.5,26.4,8.8,210,1.2,81,364,1530
2018-09-01,28.3,26.2,5.1,161,1.3,86,197,515
2018-09-02,26.7,24.5,4.7,49,32.7,90,226,585
2018-09-03,26.7,24.8,4.2,120,8.2,90,216,645
2018-09-04,26.7,25.2,4.8,297,9.0,91,263,795
2018-09-05,27.7,25.2,8.4,281,0.9,85,276,655
2018-09-06,28.0,25.3,6.4,276,7.9,83,324,945
2018-09-07,27.9,25.9,6.8,98,8.6,88,278,1000
2018-09-08,27.4,25.2,13.1,87,8.0,86,553,1135
2018-09-09,27.0,24.4,14.1,114,0.2,83,622,1055
2018-09-10,27.5,24.2,7.0,160,2.4,83,340,860
2018-09-11,27.8,25.2,8.4,244,3.0,84,398,1020
2018-09-12,28.5,25.9,14.8,264,0.4,76,572,1270
2018-09-13,28.5,25.6,13.6,257,0.0,71,601,1290
2018-09-14,27.8,24.3,9.4,264,0.0,71,478,1255
2018-09-15,27.9,23.8,8.6,271,0.0,70,435,1450
2018-09-16,28.0,23.4,9.0,281,0.0,68,462,1540
2018-09-17,28.1,24.0,7.8,302,0.0,71,444,1470
2018-09-18,27.6,22.9,8.9,308,0.0,69,498,1720
2018-09-19,27.7,22.5,8.8,318,0.0,69,441,1545
2018-09-20,28.4,22.7,5.4,46,0.0,70,421,1435
2018-09-21,27.2,23.9,13.2,98,6.2,78,589,1325
2018-09-22,24.9,22.6,17.1,91,50.6,88,784,970
2018-09-23,25.4,23.6,20.6,107,15.6,89,734,1035
2018-09-24,24.6,23.2,15.6,146,12.8,92,410,650
2018-09-25,25.2,22.6,13.2,297,0.3,85,445,985
2018-09-26,26.0,22.1,8.5,291,0.0,81,414,1355
2018-09-27,27.0,22.0,5.5,316,0.0,77,349,1230
2018-09-28,27.7,22.6,5.0,264,0.6,74,336,1360
2018-09-29,27.2,22.2,5.5,292,0.0,74,227,1055
2018-09-30,26.6,22.2,10.0,301,0.0,73,423,1405
2018-10-01,26.6,22.0,8.9,295,0.0,72,341,1230
2018-10-02,27.5,21.7,6.9,284,0.0,68,286,1290
2018-10-03,26.9,21.7,5.5,269,0.0,65,230,1085
2018-10-04,26.4,22.0,5.0,326,1.0,71,229,1720
2018-10-05,26.4,21.0,5.2,329,0.0,72,274,1325
2018-10-06,25.8,20.3,8.3,303,0.0,64,275,1345
2018-10-07,25.3,20.0,7.1,332,0.0,67,259,1010
2018-10-08,26.1,20.0,4.3,104,0.0,67,292,1210
2018-10-09,26.2,21.7,9.1,123,0.0,72,298,975
2018-10-10,25.3,21.9,11.9,104,0.2,78,341,1220
2018-10-11,24.1,20.4,10.2,92,1.3,80,340,1085
2018-10-12,23.7,18.3,6.5,30,0.0,71,522,1940
2018-10-13,23.2,18.4,7.9,329,0.0,66,477,1640
2018-10-14,23.2,17.0,9.9,297,0.0,61,403,1510
2018-10-15,24.4,17.7,6.7,337,0.0,58,337,1460
2018-10-16,24.8,18.9,7.3,117,0.0,68,242,950
2018-10-17,25.0,19.1,7.1,119,0.0,68,379,2585
2018-10-18,24.8,19.2,9.3,106,0.4,71,359,2530
2018-10-19,25.3,18.5,6.4,329,0.0,60,537,2405
2018-10-20,24.4,18.4,7.0,357,0.0,56,341,2135
2018-10-21,23.4,18.4,8.8,349,0.0,54,387,1790
2018-10-22,22.5,16.1,9.6,294,0.0,49,613,2310
2018-10-23,23.0,16.4,7.7,296,0.0,48,537,2720
2018-10-24,23.4,17.6,6.0,94,0.0,57,365,1810
2018-10-25,23.2,16.1,6.7,67,0.0,59,259,1335
2018-10-26,22.7,16.6,7.3,12,0.0,63,278,1325
2018-10-27,23.3,18.0,7.3,345,0.0,61,470,2210
2018-10-28,23.0,16.2,8.2,328,0.0,63,428,1895
2018-10-29,22.8,16.0,7.5,308,0.0,64,385,1545
2018-10-30,23.7,18.2,4.5,50,0.0,63,436,1690
2018-10-31,23.8,18.2,4.8,76,0.0,63,431,1630
2018-11-01,23.2,18.1,4.8,119,0.0,65,487,1795
2018-11-02,23.5,17.5,7.1,126,0.1,67,368,1620
2018-11-03,23.5,19.8,15.5,101,0.0,64,359,1095
2018-11-04,22.3,17.3,8.9,11,0.0,61,619,2060
2018-11-05,20.2,15.0,9.4,294,0.0,62,501,1545
2018-11-06,20.0,15.3,13.2,292,0.0,50,485,1515
2018-11-07,19.1,12.6,9.1,277,0.0,40,325,1245
2018-11-08,20.1,13.5,4.3,345,0.0,49,310,1305
2018-11-09,20.4,12.8,5.6,328,0.0,60,327,1375
2018-11-10,20.8,14.0,4.7,59,0.0,63,367,1515
2018-11-11,21.8,14.4,4.8,96,0.0,61,354,1695
2018-11-12,21.5,14.9,6.0,83,0.0,68,253,1160
2018-11-13,22.1,17.1,6.7,104,0.1,69,294,1580
2018-11-14,21.5,17.9,7.3,86,1.1,72,378,1960
2018-11-15,20.7,16.3,9.4,346,0.6,72,415,1405
2018-11-16,19.1,14.4,14.5,291,0.0,61,484,1310
2018-11-17,18.5,14.0,10.4,286,0.0,64,398,1400
2018-11-18,19.8,14.3,7.0,148,0.0,64,291,1240
2018-11-19,20.8,16.8,10.6,124,0.0,63,309,985
2018-11-20,20.5,15.6,7.1,328,0.0,72,329,1395
2018-11-21,19.7,14.6,10.0,281,0.0,62,376,1410
2018-11-22,19.6,12.5,5.9,301,0.0,58,296,1345
2018-11-23,19.3,12.8,12.9,301,0.0,57,425,1420
2018-11-24,19.3,14.4,14.9,287,0.0,53,416,1140
2018-11-25,17.8,12.0,8.1,311,0.0,60,249,1035
2018-11-26,18.5,11.0,8.6,324,0.0,66,239,955
2018-11-27,19.5,11.8,6.7,116,0.0,69,270,1120
2018-11-28,19.6,14.6,5.1,127,0.0,72,325,1250
2018-11-29,18.6,13.5,8.5,290,0.0,72,326,1185
2018-11-30,18.3,12.6,9.6,290,0.0,69,323,1210
2018-12-01,17.4,12.2,9.0,278,0.0,67,323,1250
2018-12-02,17.8,11.1,5.3,353,0.0,58,358,1620
2018-12-03,17.7,10.3,5.0,308,0.0,61,287,1295
2018-12-04,17.3,12.7,6.0,332,0.0,66,299,1355
2018-12-05,16.7,9.9,6.5,314,0.0,69,346,1470
2018-12-06,17.0,12.4,5.7,337,0.0,67,399,1785
2018-12-07,15.9,10.7,9.7,313,0.0,70,358,1490
2018-12-08,15.4,9.5,7.3,336,0.0,70,329,1485
2018-12-09,15.9,11.1,6.0,6,0.0,67,317,1405
2018-12-10,15.5,10.0,8.0,116,0.1,72,353,1560
2018-12-11,15.5,9.4,6.1,109,0.0,68,346,1345
2018-12-12,14.6,11.5,8.7,81,0.8,76,361,1365
2018-12-13,14.3,10.2,7.6,342,0.1,75,329,1290
2018-12-14,14.0,9.4,8.6,307,0.0,70,379,1460
2018-12-15,13.8,8.7,10.8,298,0.0,68,309,1065
2018-12-16,13.4,8.0,8.7,309,0.0,67,202,695
2018-12-17,13.0,7.4,8.4,312,0.0,69,186,650
2018-12-18,12.9,7.1,10.3,301,0.0,66,232,715
2018-12-19,12.8,6.8,9.1,281,0.0,68,212,720
2018-12-20,12.4,5.9,7.3,288,0.0,68,210,815
2018-12-21,12.1,6.2,8.8,280,0.0,69,219,750
2018-12-22,11.9,5.9,6.5,198,0.0,70,209,895
2018-12-23,12.3,6.1,7.9,125,0.0,70,232,1035
2018-12-24,13.2,6.1,7.3,307,0.0,66,303,1230
2018-12-25,12.2,6.1,11.0,296,0.0,66,314,1110
2018-12-26,11.9,5.6,8.0,280,0.0,63,299,1315
2018-12-27,12.1,5.2,6.6,289,0.0,63,375,1850
2018-12-28,11.5,6.2,12.6,291,0.0,67,332,1015
2018-12-29,11.2,5.0,9.9,283,0.0,64,242,830
2018-12-30,13.2,4.8,4.8,320,0.0,61,197,965
2018-12-31,12.3,5.4,9.2,297,0.0,70,232,900
2019-01-01,12.7,5.9,7.1,285,0.0,71,200,820
2019-01-02,14.1,7.6,6.9,114,0.0,71,247,1060
2019-01-03,13.4,7.5,9.9,303,0.0,70,314,1185
2019-01-04,12.6,7.1,7.5,284,0.0,70,207,725
2019-01-05,13.4,7.9,11.9,113,0.0,69,313,995
2019-01-06,13.0,9.2,8.7,36,2.3,77,291,1120
2019-01-07,12.4,7.7,8.3,317,0.0,77,326,1240
2019-01-08,12.2,7.5,10.2,291,0.0,75,330,1050
2019-01-09,12.6,8.0,12.8,292,0.0,69,341,1030
2019-01-10,12.7,6.1,8.7,294,0.0,66,271,1030
2019-01-11,12.9,6.2,6.9,110,0.0,68,282,1130
2019-01-12,13.9,8.5,5.9,148,0.0,67,264,1020
2019-01-13,14.5,9.4,7.5,357,0.0,72,366,1330
2019-01-14,12.5,8.0,15.0,302,0.0,58,436,1150
2019-01-15,11.5,6.5,13.2,291,0.0,56,306,820
2019-01-16,11.7,6.5,6.6,155,0.0,67,176,735
2019-01-17,12.7,7.6,7.5,332,0.0,71,235,885
2019-01-18,12.0,5.7,8.7,301,0.0,72,208,775
2019-01-19,14.4,7.1,7.1,288,0.0,67,187,705
2019-01-20,17.8,11.8,5.0,166,0.0,67,172,750
2019-01-21,16.2,13.0,14.8,123,6.5,80,327,730
2019-01-22,14.8,11.7,14.2,136,16.9,86,338,840
2019-01-23,13.2,8.4,6.4,23,0.1,84,246,885
2019-01-24,13.7,9.7,8.1,338,0.3,81,336,1235
2019-01-25,12.1,8.8,8.3,328,0.1,79,386,1395
2019-01-26,11.3,7.0,10.3,317,0.0,66,426,1485
2019-01-27,10.1,5.3,11.7,305,0.0,66,397,1280
2019-01-28,10.6,6.0,12.8,306,0.0,61,410,1215
2019-01-29,11.1,5.8,12.5,300,0.0,60,298,930
2019-01-30,11.5,6.2,9.4,317,0.0,68,211,865
2019-01-31,13.0,7.4,11.4,121,0.6,69,306,970
2019-02-01,14.2,10.8,9.2,93,0.2,74,328,1080
2019-02-02,12.9,7.8,10.2,296,0.0,80,310,925
2019-02-03,12.6,7.6,8.7,280,0.0,81,286,990
2019-02-04,14.2,7.5,6.6,282,0.0,73,221,855
2019-02-05,15.9,9.7,7.0,118,0.0,75,192,665
2019-02-06,17.1,13.6,12.2,135,9.1,84,339,960
2019-02-07,15.7,12.1,20.9,141,12.7,89,516,1385
2019-02-08,12.7,7.9,9.1,314,0.0,71,460,1540
2019-02-09,12.5,8.1,13.0,295,0.0,68,395,1110
2019-02-10,12.4,6.7,7.4,304,0.5,72,274,1060
2019-02-11,13.2,7.6,6.5,311,0.0,73,230,855
2019-02-12,15.2,10.5,5.2,352,0.0,75,237,985
2019-02-13,16.5,10.3,7.0,132,0.4,73,207,715
2019-02-14,16.3,13.6,14.8,132,4.0,83,373,795
2019-02-15,15.9,12.7,6.9,82,4.5,85,278,895
2019-02-16,14.4,10.4,8.2,309,0.1,85,301,925
2019-02-17,14.6,10.6,11.7,302,0.0,79,399,1230
2019-02-18,16.3,9.8,11.2,123,0.1,71,288,870
2019-02-19,16.9,12.4,6.3,50,0.0,77,258,965
2019-02-20,17.0,14.8,12.5,99,2.6,82,241,565
2019-02-21,19.3,14.1,11.2,121,0.0,75,288,855
2019-02-22,17.9,13.2,15.2,314,0.4,72,526,1235
2019-02-23,15.1,10.5,14.6,308,0.0,64,441,1010
2019-02-24,15.4,10.8,9.1,319,0.2,66,340,1245
2019-02-25,15.5,10.0,7.6,89,0.0,65,389,1665
2019-02-26,15.6,11.9,11.7,121,2.8,67,355,905
2019-02-27,13.5,9.8,7.5,358,11.2,79,388,1325
2019-02-28,13.1,7.3,9.4,312,0.0,70,556,1990
2019-03-01,13.9,7.2,9.5,319,0.0,66,357,1275
2019-03-02,15.0,11.4,6.0,79,6.8,73,278,640
2019-03-03,15.9,11.1,8.8,100,4.1,80,312,900
2019-03-04,16.9,11.8,7.9,326,0.2,80,374,1595
2019-03-05,16.1,11.7,10.5,303,0.0,71,589,2005
2019-03-06,16.7,10.9,10.7,299,0.0,63,569,1975
2019-03-07,17.1,10.3,8.2,321,0.0,62,422,1590
2019-03-08,18.6,11.8,7.9,357,0.0,58,431,1790
2019-03-09,18.2,12.6,11.6,338,0.0,65,476,1645
2019-03-10,17.7,11.3,9.3,319,0.0,54,468,1785
2019-03-11,20.0,14.5,14.6,120,1.7,55,428,1785
2019-03-12,19.6,13.0,10.9,359,0.0,57,585,2175
2019-03-13,18.3,13.2,6.9,352,0.0,63,271,825
2019-03-14,17.2,12.1,11.1,345,0.3,72,369,1290
2019-03-15,17.9,11.8,11.0,330,0.0,65,544,1780
2019-03-16,18.1,12.2,10.5,312,0.0,57,428,1330
2019-03-17,20.1,12.9,9.1,297,0.0,49,505,1765
2019-03-18,20.7,12.3,7.0,296,0.0,49,449,1655
2019-03-19,21.7,13.9,8.7,283,0.0,50,586,2550
2019-03-20,23.3,18.3,14.4,122,0.0,47,429,1715
2019-03-21,22.8,15.2,10.5,9,0.0,49,597,2450
2019-03-22,22.0,16.0,13.2,316,0.0,40,691,2200
2019-03-23,22.4,15.7,15.7,311,0.0,38,599,1865
2019-03-24,24.1,18.4,12.9,323,0.0,45,682,2310
2019-03-25,21.7,17.3,11.5,332,0.5,62,466,2180
2019-03-26,22.3,15.4,11.2,300,0.0,57,666,2090
2019-03-27,23.6,15.3,9.5,299,0.0,52,551,1895
2019-03-28,26.0,18.4,8.2,306,0.0,52,482,1915
2019-03-29,27.9,19.0,7.0,325,0.0,50,505,2675
2019-03-30,27.0,20.2,7.4,350,0.0,54,369,2575
2019-03-31,26.5,19.4,14.1,312,0.0,41,692,2315
2019-04-01,25.5,18.4,13.7,302,0.0,33,683,2205
2019-04-02,25.5,18.4,8.6,332,0.0,39,558,2095
2019-04-03,26.3,18.1,9.4,308,0.0,39,602,2330
2019-04-04,28.0,18.8,8.2,79,0.0,40,565,2270
2019-04-05,29.4,21.6,7.1,278,0.0,41,397,2370
2019-04-06,28.8,21.3,9.3,47,0.0,47,418,2910
2019-04-07,28.2,21.7,10.1,110,0.0,54,466,1335
2019-04-08,26.9,21.3,11.2,107,0.2,54,501,2005
2019-04-09,28.4,20.2,8.1,65,0.0,47,627,2550
2019-04-10,29.2,21.6,7.9,356,0.0,43,538,2500
2019-04-11,30.4,23.8,8.3,350,0.0,36,715,3520
2019-04-12,29.6,22.5,10.0,345,0.0,36,639,3070
2019-04-13,29.9,22.6,12.0,341,0.0,38,830,2985
2019-04-14,30.6,23.9,14.0,336,0.0,34,834,3055
2019-04-15,31.1,24.0,11.5,320,0.0,31,830,3075
2019-04-16,26.2,22.4,12.6,159,0.5,49,668,1335
2019-04-17,21.8,18.9,11.6,150,4.6,73,692,1790
2019-04-18,22.5,16.4,5.6,7,0.1,67,626,1910
2019-04-19,24.5,18.5,9.0,291,0.1,53,739,2105
2019-04-20,26.4,19.6,7.3,282,0.0,47,886,2765
2019-04-21,28.7,20.0,9.3,291,0.0,39,979,3305
2019-04-22,30.1,21.8,9.4,335,0.0,40,960,3095
2019-04-23,32.1,23.9,8.5,334,0.0,34,884,3340
2019-04-24,32.7,25.3,10.9,98,0.0,35,934,4020
2019-04-25,33.0,27.0,11.1,92,0.0,36,811,4040
2019-04-26,33.0,25.2,12.6,325,0.0,33,1196,3810
2019-04-27,33.5,26.8,18.9,321,0.0,22,1174,3325
2019-04-28,33.3,26.2,15.8,316,0.0,20,1245,3430
2019-04-29,33.6,25.8,10.5,314,0.0,19,1078,3740
2019-04-30,34.2,25.5,12.0,147,0.0,20,1268,4635
2019-05-01,33.0,24.5,8.9,85,0.0,25,1247,4510
2019-05-02,31.5,26.7,13.4,45,0.5,33,872,4325
2019-05-03,31.0,24.7,9.7,62,0.0,33,1018,3820
2019-05-04,31.1,24.1,13.8,319,0.0,22,1219,3775
2019-05-05,31.1,23.1,14.1,301,0.0,19,1339,4045
2019-05-06,32.2,23.5,10.8,299,0.0,21,1230,4010
2019-05-07,32.3,23.3,13.3,284,0.0,20,1099,4120
2019-05-08,34.0,26.0,13.5,276,0.0,18,1230,4305
2019-05-09,34.2,27.0,17.1,272,0.0,19,1210,3720
2019-05-10,34.6,29.5,16.8,287,0.0,20,1374,4030
2019-05-11,32.3,24.9,13.1,322,0.0,29,1123,3735
2019-05-12,31.9,24.9,10.8,292,0.0,30,1049,3150
2019-05-13,32.4,24.7,8.3,290,0.0,30,911,3355
2019-05-14,30.1,24.3,8.0,319,0.0,42,845,2350
2019-05-15,30.3,24.8,7.3,122,0.1,45,436,1715
2019-05-16,30.2,24.9,8.9,324,0.0,46,938,2575
2019-05-17,28.3,24.4,7.2,310,2.7,57,742,3025
2019-05-18,27.4,21.3,11.9,300,0.2,60,868,2070
2019-05-19,30.1,23.6,10.8,293,0.0,43,1005,2805
2019-05-20,31.9,24.0,11.1,289,0.0,34,972,3660
2019-05-21,32.6,25.6,10.6,282,0.0,31,1063,3575
2019-05-22,32.8,27.1,9.9,265,0.0,35,598,3065
2019-05-23,33.1,26.4,8.3,288,0.0,37,839,3295
2019-05-24,30.8,26.4,12.4,343,0.0,45,482,1245
2019-05-25,31.1,25.1,15.3,307,0.0,39,1071,2670
2019-05-26,31.6,24.7,11.5,302,0.0,34,872,2535
2019-05-27,33.7,26.2,12.0,303,0.0,27,1251,3905
2019-05-28,33.5,26.0,12.4,301,0.0,20,1055,3700
2019-05-29,34.7,26.4,10.5,300,0.0,20,1227,4185
2019-05-30,35.6,27.1,9.0,292,0.0,21,1284,4605
2019-05-31,36.8,28.3,10.8,295,0.0,20,1213,4355
2019-06-01,35.6,28.9,10.3,105,0.0,29,841,3795
2019-06-02,35.5,29.0,13.8,109,0.0,40,878,3715
2019-06-03,34.6,29.9,15.5,120,0.0,46,815,1800
2019-06-04,34.8,29.6,14.4,120,0.0,42,690,2215
2019-06-05,35.5,28.6,9.4,133,0.3,39,726,2945
2019-06-06,35.6,30.2,11.2,95,0.5,37,900,3630
2019-06-07,34.1,27.0,8.6,75,0.0,42,891,3065
2019-06-08,35.5,27.9,8.1,283,0.0,33,1031,3335
2019-06-09,36.9,28.1,8.1,336,0.0,24,1023,4110
2019-06-10,37.2,28.2,7.9,270,0.0,23,962,3680
2019-06-11,37.4,29.7,10.4,283,0.0,23,890,3710
2019-06-12,34.6,30.1,11.6,130,2.2,44,670,2715
2019-06-13,35.4,29.2,12.2,233,0.0,38,947,2630
2019-06-14,36.0,30.6,15.2,288,0.0,29,1096,3020
2019-06-15,36.5,29.7,14.5,281,0.0,22,1354,3605
2019-06-16,33.8,28.9,20.4,279,0.0,43,1068,1990
2019-06-17,33.5,28.7,19.0,278,0.0,47,988,2360
2019-06-18,30.5,24.7,8.7,289,0.5,55,657,1910
2019-06-19,31.0,26.0,7.5,204,0.0,53,690,1725
2019-06-20,31.8,24.7,7.1,198,0.0,48,739,2255
2019-06-21,33.3,27.7,6.3,204,1.2,47,771,2400
2019-06-22,34.7,28.1,8.9,356,0.0,38,953,2685
2019-06-23,34.0,29.1,14.3,115,0.0,49,1009,2120
2019-06-24,31.5,27.0,10.5,108,0.6,60,860,1835
2019-06-25,32.1,27.8,5.4,53,4.8,62,741,2005
2019-06-26,34.8,29.5,8.6,334,0.6,48,916,2475
2019-06-27,34.6,28.9,11.8,301,0.0,40,992,2680
2019-06-28,35.5,28.7,13.3,286,0.0,38,1072,2910
2019-06-29,36.3,30.6,12.9,283,0.0,36,1080,2930
2019-06-30,36.8,30.6,11.7,303,0.0,35,1011,2960
2019-07-01,36.0,30.0,6.8,14,0.0,42,801,2205
2019-07-02,35.7,31.1,9.1,90,0.0,46,931,2300
2019-07-03,33.7,30.3,11.5,123,1.6,56,875,1780
2019-07-04,33.0,29.6,10.4,134,6.6,60,589,1430
2019-07-05,31.0,27.9,5.9,125,3.7,72,360,1055
2019-07-06,31.0,27.3,7.9,111,0.3,69,494,1455
2019-07-07,31.1,26.7,4.6,105,2.1,69,551,1480
2019-07-08,31.9,28.3,5.3,223,4.0,68,609,1615
2019-07-09,30.7,27.0,8.7,216,4.9,72,554,1360
2019-07-10,31.0,27.0,9.1,237,7.1,74,486,1635
2019-07-11,33.4,29.1,15.2,248,0.0,57,916,2085
2019-07-12,33.4,29.9,13.6,263,0.5,51,865,2205
2019-07-13,34.1,29.7,19.6,263,0.0,47,1075,2370
2019-07-14,32.9,29.3,15.9,261,0.0,52,924,2195
2019-07-15,29.7,25.7,10.0,203,4.4,72,640,1625
2019-07-16,26.6,24.6,9.2,101,20.6,89,393,975
2019-07-17,27.2,24.7,6.8,116,14.8,85,335,805
2019-07-18,27.5,24.7,5.0,187,12.8,82,272,765
2019-07-19,29.4,25.3,4.6,156,6.7,79,515,1505
2019-07-20,30.0,25.9,6.7,113,12.5,80,398,1405
2019-07-21,29.7,27.2,7.8,120,11.1,81,474,1285
2019-07-22,30.4,27.5,6.3,108,6.1,80,425,1200
2019-07-23,31.6,28.0,6.2,184,4.6,77,464,1450
2019-07-24,31.5,28.0,9.2,263,6.8,74,408,1455
2019-07-25,27.6,26.0,6.6,230,10.9,86,359,745
2019-07-26,27.2,25.5,10.4,81,26.9,87,334,860
2019-07-27,26.6,25.2,13.5,107,6.0,90,482,850
2019-07-28,28.1,25.5,14.2,107,7.3,86,644,1125
2019-07-29,29.2,26.1,14.4,104,1.3,79,691,1200
2019-07-30,28.9,26.2,12.4,102,0.8,78,516,860
2019-07-31,29.0,27.0,9.7,95,0.5,78,490,905
2019-08-01,29.3,26.8,9.2,120,2.1,82,434,1085
2019-08-02,28.7,26.1,7.1,111,12.9,85,426,955
2019-08-03,28.3,26.4,8.2,98,6.8,88,359,720
2019-08-04,28.9,26.2,4.3,97,4.2,87,307,995
2019-08-05,29.2,26.5,5.7,139,18.5,86,363,940
2019-08-06,27.9,26.0,8.6,121,20.7,89,292,690
2019-08-07,28.2,25.7,5.6,84,7.0,88,340,925
2019-08-08,30.1,27.2,9.2,96,0.5,78,452,1230
2019-08-09,29.3,27.6,21.4,95,0.8,75,1091,1450
2019-08-10,28.8,26.0,18.8,117,1.7,80,728,935
2019-08-11,29.5,26.4,7.9,158,0.3,79,469,1095
2019-08-12,29.3,26.9,9.3,280,7.6,80,436,1095
2019-08-13,29.1,26.9,9.0,296,20.1,84,414,1075
2019-08-14,28.3,25.5,4.0,95,2.8,88,317,1095
2019-08-15,29.0,27.0,14.0,78,11.2,82,674,1180
2019-08-16,27.9,26.1,17.3,89,9.4,84,760,1200
2019-08-17,26.1,25.3,20.7,126,8.4,90,566,795
2019-08-18,26.8,24.4,10.1,234,31.0,87,367,715
2019-08-19,28.0,24.2,5.0,295,1.3,84,345,1135
2019-08-20,28.5,25.2,9.6,324,0.8,82,461,1175
2019-08-21,29.3,24.6,9.9,306,0.0,78,478,1415
2019-08-22,28.6,25.5,6.3,8,0.8,84,388,1300
2019-08-23,29.2,25.6,3.5,235,4.0,82,391,1290
2019-08-24,29.1,26.2,5.8,126,3.9,83,297,1030
2019-08-25,27.5,26.1,8.2,104,12.9,88,409,1010
2019-08-26,28.8,25.6,8.6,96,0.6,83,484,1370
2019-08-27,29.8,26.1,6.3,103,0.1,80,470,1580
2019-08-28,30.4,26.9,8.4,99,0.4,78,473,1260
2019-08-29,30.1,27.3,9.1,125,1.0,80,446,1310
2019-08-30,30.1,26.5,5.1,155,0.9,81,416,1230
2019-08-31,30.5,26.8,5.4,131,6.4,78,434,1320
2019-09-01,28.6,26.4,10.0,105,4.7,86,323,635
2019-09-02,29.5,25.8,4.2,99,1.3,83,361,1165
2019-09-03,30.2,26.7,5.1,263,5.5,80,370,1335
2019-09-04,29.0,25.5,8.9,119,7.8,85,370,945
2019-09-05,29.4,26.6,7.8,114,0.6,82,420,1115
2019-09-06,29.7,26.9,7.8,116,0.4,81,416,1045
2019-09-07,28.8,26.5,9.1,120,2.1,85,342,795
2019-09-08,29.1,26.1,6.3,96,0.2,83,378,1035
2019-09-09,30.1,25.7,4.9,29,0.1,78,389,1205
2019-09-10,30.6,26.6,5.5,72,0.0,74,389,1230
2019-09-11,31.2,26.5,5.8,145,0.4,73,396,1405
2019-09-12,30.2,27.5,13.4,124,0.6,79,514,940
2019-09-13,29.8,26.4,10.8,115,0.6,77,483,1110
2019-09-14,28.7,26.0,12.1,97,0.7,79,544,825
2019-09-15,28.1,25.5,8.3,98,5.2,83,356,915
2019-09-16,29.3,25.2,5.4,89,0.4,81,338,1145
2019-09-17,29.2,26.0,7.8,145,2.0,80,275,955
2019-09-18,28.5,25.9,11.2,116,3.0,80,479,1120
2019-09-19,26.9,24.7,12.7,109,1.0,80,508,1055
2019-09-20,27.0,23.1,7.0,112,7.7,83,330,1010
2019-09-21,27.8,24.6,6.1,134,0.7,80,323,1125
2019-09-22,27.1,25.1,8.7,125,13.9,83,343,925
2019-09-23,26.7,23.5,8.0,103,2.0,81,364,1105
2019-09-24,27.0,23.4,8.6,110,2.9,80,434,1160
2019-09-25,27.2,24.1,11.3,102,3.6,81,517,1200
2019-09-26,27.6,25.1,15.9,99,1.9,76,650,1080
2019-09-27,26.6,24.3,13.0,80,0.5,78,619,915
2019-09-28,25.5,22.8,12.8,81,4.6,83,623,1160
2019-09-29,25.0,23.1,11.7,98,2.0,84,376,665
2019-09-30,25.3,22.6,7.9,122,6.0,83,370,995
2019-10-01,25.1,22.3,7.5,106,4.5,85,324,890
2019-10-02,26.5,22.2,5.3,94,0.2,80,357,1225
2019-10-03,27.5,22.9,4.5,153,0.0,73,232,1035
2019-10-04,26.1,23.1,8.2,321,4.9,72,308,1250
2019-10-05,26.1,21.9,10.4,319,0.0,66,421,1320
2019-10-06,26.4,21.1,8.2,328,0.0,62,367,1275
2019-10-07,26.3,22.1,10.9,308,0.0,62,438,1500
2019-10-08,26.4,21.0,7.0,300,0.0,57,422,1445
2019-10-09,25.5,20.3,6.3,173,0.0,61,365,1405
2019-10-10,26.4,20.7,5.9,109,0.0,59,420,1650
2019-10-11,26.6,20.5,5.7,324,0.0,54,452,1780
2019-10-12,27.3,22.1,6.6,5,0.0,57,447,1655
2019-10-13,27.7,22.9,6.8,329,0.0,52,470,1830
2019-10-14,27.0,20.7,7.5,12,0.0,58,420,1725
2019-10-15,27.1,21.2,6.2,72,0.0,62,389,1600
2019-10-16,27.6,21.6,6.3,122,0.0,58,429,1575
2019-10-17,27.0,22.1,7.4,154,0.0,61,426,1470
2019-10-18,26.4,22.6,8.9,137,2.7,65,384,1500
2019-10-19,25.5,21.1,5.8,240,2.5,67,232,1225
2019-10-20,25.7,20.3,9.3,314,0.0,49,499,2100
2019-10-21,25.0,18.9,10.8,313,0.0,51,469,1840
2019-10-22,24.4,19.1,12.0,293,0.0,48,512,1710
2019-10-23,24.4,17.7,8.5,311,0.0,54,450,1745
2019-10-24,24.2,18.0,6.7,65,0.0,65,370,1375
2019-10-25,24.4,19.7,7.2,120,0.0,63,436,1550
2019-10-26,24.5,18.9,6.2,154,0.0,61,492,1735
2019-10-27,24.5,18.5,9.2,311,0.0,58,495,1830
2019-10-28,24.1,18.3,7.5,296,0.0,59,419,1595
2019-10-29,24.4,19.5,5.6,293,0.0,65,379,1585
2019-10-30,25.4,21.3,7.7,297,0.0,64,444,1690
2019-10-31,24.3,18.3,7.9,310,0.0,66,393,1615
2019-11-01,24.8,18.9,6.7,341,0.0,65,370,1620
2019-11-02,24.4,19.8,9.3,332,0.2,69,356,1555
2019-11-03,23.8,19.2,9.1,301,0.0,71,471,1475
2019-11-04,23.7,19.1,12.6,302,0.0,63,557,1850
2019-11-05,22.9,18.2,12.5,287,0.0,57,579,1905
2019-11-06,23.3,16.9,7.8,183,0.0,59,499,2185
2019-11-07,22.1,19.4,9.7,94,1.4,71,316,900
2019-11-08,21.9,17.2,7.1,17,0.8,74,308,1360
2019-11-09,21.8,17.1,11.2,317,0.0,60,349,1170
2019-11-10,20.8,15.5,9.5,319,0.0,60,376,1720
2019-11-11,20.3,15.3,8.4,317,0.0,59,347,1435
2019-11-12,19.6,12.8,8.2,318,0.0,62,267,1005
2019-11-13,20.7,14.6,7.0,343,0.0,67,221,920
2019-11-14,21.4,17.3,6.6,355,0.0,69,250,990
2019-11-15,21.0,16.8,9.0,327,0.0,72,304,965
2019-11-16,21.9,16.9,14.0,313,0.0,64,519,1465
2019-11-17,21.7,17.4,18.4,300,0.0,61,561,1335
2019-11-18,19.9,15.3,12.6,283,0.0,64,495,1410
2019-11-19,19.4,14.1,9.3,283,0.0,66,426,1440
2019-11-20,19.1,13.0,5.8,10,0.0,65,381,1480
2019-11-21,19.6,13.5,7.1,55,0.0,67,354,1440
2019-11-22,20.6,14.3,6.6,337,0.0,65,339,1310
2019-11-23,20.6,15.9,10.6,301,0.0,62,307,875
2019-11-24,20.7,16.0,11.1,308,0.0,64,316,965
2019-11-25,20.0,14.7,6.6,1,0.0,67,312,1305
2019-11-26,20.1,16.1,9.5,30,0.9,67,275,1155
2019-11-27,19.7,15.2,7.1,47,0.0,68,295,1420
2019-11-28,18.3,16.2,13.4,85,22.1,83,358,770
2019-11-29,17.7,13.2,6.1,356,0.0,82,290,950
2019-11-30,17.0,13.3,8.8,304,0.0,78,387,1260
2019-12-01,15.5,11.5,8.5,287,0.0,74,339,1075
2019-12-02,15.4,11.1,9.8,288,0.0,70,345,1115
2019-12-03,15.1,10.2,10.8,283,0.0,66,252,830
2019-12-04,15.3,9.5,6.4,317,0.0,72,204,875
2019-12-05,15.4,10.4,6.6,19,0.0,74,217,900
2019-12-06,15.4,10.1,6.5,324,0.0,82,206,880
2019-12-07,16.0,10.0,5.7,329,0.0,79,270,1125
2019-12-08,15.7,10.1,6.9,346,0.0,79,290,1150
2019-12-09,15.3,9.2,6.2,322,0.0,73,251,1110
2019-12-10,15.1,8.5,7.4,313,0.0,70,236,1030
2019-12-11,15.7,8.9,6.1,92,0.0,71,248,1170
2019-12-12,15.6,13.5,13.3,113,5.9,78,475,1175
2019-12-13,15.1,11.4,12.3,156,3.7,87,392,900
2019-12-14,13.0,9.8,5.0,8,0.0,85,363,1330
2019-12-15,13.2,9.3,8.1,311,0.0,80,397,1575
2019-12-16,12.4,9.1,10.2,300,0.0,80,411,1320
2019-12-17,11.8,8.1,10.1,293,0.0,80,301,880
2019-12-18,11.9,7.9,9.4,287,0.0,78,273,840
2019-12-19,11.5,5.8,5.4,352,0.0,80,230,885
2019-12-20,13.0,8.5,5.1,338,0.0,79,205,720
2019-12-21,13.4,10.3,6.2,306,0.2,81,166,625
2019-12-22,12.5,8.2,10.1,310,0.0,84,284,940
2019-12-23,11.8,8.2,10.5,297,0.0,82,247,740
2019-12-24,9.6,5.8,6.2,21,0.0,90,153,555
2019-12-25,8.7,5.2,9.7,309,0.0,87,199,495
2019-12-26,8.4,4.3,11.2,305,0.0,84,291,810
2019-12-27,7.3,3.3,7.2,308,0.0,88,185,575
2019-12-28,6.7,3.0,6.5,345,0.0,90,179,530
2019-12-29,7.3,3.8,5.2,342,0.0,86,132,470
2019-12-30,6.9,3.3,6.8,95,0.0,89,167,570
2019-12-31,7.6,2.0,6.8,126,0.0,78,176,535
2020-01-01,10.0,2.9,8.1,70,0.0,79,149,540
2020-01-02,12.9,6.8,8.6,79,0.0,79,308,1255
2020-01-03,14.0,8.3,6.5,49,0.1,78,265,1005
2020-01-04,13.4,8.8,5.4,18,0.5,82,313,1350
2020-01-05,13.3,7.9,9.1,309,0.0,74,332,1270
2020-01-06,13.5,10.3,6.7,25,0.0,76,168,580
2020-01-07,14.0,11.1,9.8,109,2.1,83,219,465
2020-01-08,12.8,10.3,9.2,17,17.5,92,361,700
2020-01-09,10.5,7.1,12.0,314,0.0,78,421,1225
2020-01-10,10.1,5.8,11.7,306,0.0,77,287,785
2020-01-11,10.3,5.5,9.3,303,0.0,77,211,610
2020-01-12,11.8,6.0,8.4,310,0.0,78,152,520
2020-01-13,14.6,9.2,10.5,138,16.6,83,181,670
2020-01-14,14.0,10.5,8.6,326,0.3,86,295,865
2020-01-15,12.4,7.4,8.6,333,0.0,83,228,805
2020-01-16,12.4,9.4,7.7,351,11.1,90,240,615
2020-01-17,13.0,10.2,7.6,344,0.6,88,231,740
2020-01-18,12.5,8.9,6.3,356,0.2,89,218,810
2020-01-19,11.7,7.8,9.3,299,0.0,82,277,990
2020-01-20,12.1,7.2,8.2,296,0.0,84,251,825
2020-01-21,12.9,9.3,5.8,79,0.0,86,249,1065
2020-01-22,12.5,7.4,10.1,307,0.0,82,305,915
2020-01-23,12.5,8.5,17.9,298,0.0,66,446,925
2020-01-24,12.8,8.4,17.7,290,0.0,60,357,700
2020-01-25,11.8,5.3,7.7,309,0.0,74,225,810
2020-01-26,13.6,7.1,7.0,318,0.0,79,262,1035
2020-01-27,14.0,8.6,8.2,59,0.4,77,237,1090
2020-01-28,14.2,11.0,13.2,102,16.0,83,336,890
2020-01-29,13.3,10.3,6.6,349,0.5,82,300,1135
2020-01-30,12.6,8.5,11.2,312,0.0,77,433,1540
2020-01-31,12.1,7.4,9.3,308,0.0,74,385,1385
2020-02-01,12.3,7.6,7.7,342,0.0,74,362,1440
2020-02-02,11.7,6.8,10.1,299,0.0,76,328,1065
2020-02-03,12.0,6.5,8.3,304,0.0,74,298,1085
2020-02-04,13.0,7.2,8.1,103,0.0,74,307,1285
2020-02-05,12.9,8.3,10.3,321,0.0,74,372,1315
2020-02-06,11.7,6.9,8.2,311,0.0,75,367,1235
2020-02-07,12.7,8.1,6.7,347,0.1,71,394,1635
2020-02-08,12.4,7.0,8.5,300,0.0,75,330,1210
2020-02-09,12.8,7.0,8.0,311,0.0,75,286,1000
2020-02-10,13.2,7.4,9.1,314,0.0,73,322,1125
2020-02-11,13.5,7.2,8.6,325,0.0,73,290,1020
2020-02-12,15.9,9.1,13.2,292,0.0,68,300,790
2020-02-13,19.2,13.0,18.9,291,0.0,57,381,700
2020-02-14,18.5,13.8,21.6,301,0.0,51,613,1145
2020-02-15,17.5,12.2,16.4,290,0.0,47,394,1040
2020-02-16,17.1,11.0,10.2,307,0.0,60,256,855
2020-02-17,17.5,9.1,10.8,291,0.0,56,300,1115
2020-02-18,17.0,10.3,13.4,284,0.0,48,315,1105
2020-02-19,18.2,10.0,14.9,122,0.0,54,301,825
2020-02-20,20.0,15.0,20.1,118,2.1,62,570,1190
2020-02-21,16.2,13.6,18.2,78,13.4,84,493,840
2020-02-22,17.8,13.9,8.8,66,0.7,79,338,920
2020-02-23,17.5,13.2,7.2,5,2.6,82,352,1190
2020-02-24,17.6,12.3,8.0,320,0.1,78,342,1260
2020-02-25,18.0,13.1,9.2,315,0.0,74,390,1485
2020-02-26,18.6,12.7,6.6,347,0.0,74,394,1560
2020-02-27,19.1,13.4,8.1,108,0.0,76,345,1310
2020-02-28,20.3,16.0,15.8,119,0.0,74,461,1005
2020-02-29,18.7,16.1,14.8,126,9.1,82,400,785
2020-03-01,19.1,15.1,8.6,102,0.0,80,403,1295
2020-03-02,19.7,14.8,6.2,0,0.2,78,329,1175
2020-03-03,19.6,13.6,7.8,352,0.0,70,450,1735
2020-03-04,19.2,13.9,8.6,123,1.0,72,311,1335
2020-03-05,18.2,14.5,13.9,103,13.0,79,372,1150
2020-03-06,16.4,13.7,18.2,127,23.3,86,509,925
2020-03-07,15.9,12.8,10.7,134,1.7,85,486,1200
2020-03-08,16.5,11.6,7.2,312,0.0,79,373,1485
2020-03-09,17.0,11.8,14.0,304,0.0,67,425,1175
2020-03-10,17.1,10.1,6.4,283,0.0,68,324,1160
2020-03-11,18.7,14.9,14.3,119,2.6,74,485,1290
2020-03-12,19.6,14.3,13.2,121,0.0,67,552,1990
2020-03-13,18.7,13.7,8.3,321,10.0,65,445,2220
2020-03-14,16.4,13.5,10.2,21,4.2,82,321,880
2020-03-15,16.3,11.2,5.5,355,0.1,78,405,1400
2020-03-16,18.0,12.8,9.6,323,0.0,75,412,1405
2020-03-17,18.9,13.5,10.7,320,0.0,71,431,1460
2020-03-18,20.4,14.3,11.0,313,0.0,67,404,1585
2020-03-19,20.8,15.2,7.7,331,0.2,71,422,2070
2020-03-20,21.2,16.0,8.1,109,0.4,69,274,1385
2020-03-21,21.7,15.2,5.3,56,1.6,70,275,910
2020-03-22,22.0,15.5,8.1,347,0.0,68,469,1880
2020-03-23,22.5,16.2,5.6,8,0.0,61,377,1280
2020-03-24,23.6,18.2,7.4,139,0.7,64,320,1510
2020-03-25,23.8,17.8,10.1,339,0.0,62,501,1920
2020-03-26,23.5,18.8,12.7,307,0.0,61,397,1055
2020-03-27,21.4,19.2,10.7,214,6.0,74,384,1085
2020-03-28,21.3,16.1,10.5,321,0.1,69,423,1200
2020-03-29,21.9,16.4,14.5,316,0.0,59,595,1810
2020-03-30,21.9,15.8,12.1,311,0.0,55,483,1495
2020-03-31,22.7,16.1,11.4,327,0.1,56,400,1195
2020-04-01,23.9,17.6,7.4,357,0.0,56,428,1590
2020-04-02,23.3,17.8,14.7,318,0.0,53,669,2190
2020-04-03,22.4,16.1,12.0,311,0.0,44,518,1480
2020-04-04,23.2,15.5,11.8,322,0.0,48,472,1720
2020-04-05,24.0,17.0,9.0,345,0.0,53,363,1375
2020-04-06,26.2,18.4,10.0,348,0.0,46,624,2775
2020-04-07,25.0,18.4,13.7,330,0.4,46,482,1640
2020-04-08,24.9,18.7,11.9,331,0.0,46,561,2115
2020-04-09,24.4,17.5,10.6,317,0.0,46,540,1680
2020-04-10,25.7,18.0,8.4,335,0.0,47,423,1610
2020-04-11,27.7,19.2,8.1,348,0.0,42,526,2420
2020-04-12,28.0,20.8,11.3,311,0.0,42,539,1620
2020-04-13,29.3,20.8,10.9,309,0.0,41,647,2385
2020-04-14,30.1,22.8,8.7,80,0.0,41,462,2600
2020-04-15,30.4,25.1,10.2,121,0.0,38,376,1900
2020-04-16,30.3,23.1,10.2,323,0.0,36,849,3500
2020-04-17,29.6,25.2,12.7,14,0.0,34,698,2635
2020-04-18,29.0,23.5,13.8,59,0.0,38,826,3270
2020-04-19,27.9,22.3,9.8,330,0.0,43,883,2940
2020-04-20,26.8,21.6,7.6,290,0.4,45,662,2360
2020-04-21,26.1,19.6,8.4,14,0.0,51,838,2735
2020-04-22,27.5,20.0,7.8,349,0.0,41,891,2990
2020-04-23,28.9,24.3,10.1,219,0.0,38,690,2780
2020-04-24,28.9,21.7,7.0,76,0.0,41,713,2700
2020-04-25,28.5,23.6,8.1,141,0.5,43,610,2570
2020-04-26,26.9,23.4,14.5,120,1.0,58,523,1480
2020-04-27,25.4,20.8,16.4,110,2.8,69,679,1550
2020-04-28,26.4,21.6,9.0,92,0.2,64,521,1810
2020-04-29,28.6,21.1,7.2,150,0.0,55,688,2015
2020-04-30,29.4,24.1,10.8,106,0.2,51,580,2240
2020-05-01,30.5,22.4,10.7,83,0.0,54,629,2250
2020-05-02,29.3,24.3,18.4,111,0.9,57,678,1425
2020-05-03,27.7,23.5,13.7,107,21.8,64,629,1515
2020-05-04,27.2,21.0,7.0,54,0.0,66,630,1895
2020-05-05,28.8,23.1,7.7,342,0.0,50,919,2740
2020-05-06,28.6,21.7,7.5,123,0.0,45,597,2280
2020-05-07,28.6,22.1,10.3,76,0.0,44,623,2380
2020-05-08,30.7,23.1,9.4,132,0.0,40,689,2655
2020-05-09,31.6,25.2,9.9,119,0.0,41,461,1925
2020-05-10,29.6,24.5,13.2,117,0.8,54,538,1675
2020-05-11,29.1,22.8,11.2,125,0.3,57,514,1630
2020-05-12,29.4,23.1,10.0,91,0.0,55,668,1845
2020-05-13,29.7,25.8,7.7,354,0.3,55,531,1965
2020-05-14,30.5,24.1,7.3,63,0.0,53,587,2475
2020-05-15,31.4,24.7,12.2,323,0.0,41,719,2435
2020-05-16,31.5,24.6,12.4,314,0.0,33,786,2575
2020-05-17,31.8,24.1,8.8,310,0.0,32,768,3300
2020-05-18,31.4,23.8,10.2,338,0.0,30,969,3800
2020-05-19,32.1,24.7,7.8,347,0.0,22,1069,4350
2020-05-20,30.8,23.3,12.7,318,0.0,26,812,2390
2020-05-21,32.2,24.0,13.7,303,0.0,26,780,2665
2020-05-22,34.0,25.3,6.4,325,0.0,26,612,2590
2020-05-23,34.6,27.7,8.8,99,0.0,28,774,3615
2020-05-24,35.6,27.7,12.6,314,0.0,25,1167,4265
2020-05-25,35.7,27.8,12.8,303,0.0,22,1165,4170
2020-05-26,36.9,29.6,11.0,298,0.0,19,1119,4940
2020-05-27,36.5,28.9,9.9,347,0.0,21,1094,4275
2020-05-28,33.0,28.6,19.6,114,0.1,41,752,1630
2020-05-29,30.1,25.9,20.7,115,4.2,58,836,1880
2020-05-30,28.2,23.5,12.1,129,5.4,61,581,1520
2020-05-31,26.8,22.9,7.6,114,0.2,69,629,1690
2020-06-01,27.8,21.6,6.5,33,0.0,67,538,1570
2020-06-02,29.0,24.0,6.5,274,0.0,62,576,1940
2020-06-03,29.9,24.2,6.2,7,0.0,58,589,2260
2020-06-04,29.6,24.9,7.1,133,0.0,57,441,1635
2020-06-05,29.0,24.8,8.2,160,0.0,60,574,2015
2020-06-06,29.5,24.4,7.6,132,0.0,58,672,1790
2020-06-07,30.6,26.7,8.4,144,1.2,59,593,1955
2020-06-08,30.8,25.6,6.9,353,0.1,60,696,1910
2020-06-09,33.0,26.7,6.5,315,0.0,51,767,2175
2020-06-10,33.7,28.3,7.5,325,0.0,52,644,2355
2020-06-11,33.5,27.7,6.4,60,0.0,53,674,2005
2020-06-12,33.8,28.9,9.0,115,0.0,52,804,2200
2020-06-13,33.6,29.6,9.0,103,0.0,55,608,1695
2020-06-14,33.6,29.2,8.6,84,0.0,56,772,1945
2020-06-15,34.3,29.2,8.7,313,0.0,47,925,2730
2020-06-16,33.8,28.5,9.4,146,0.1,48,854,2625
2020-06-17,33.9,29.0,11.5,113,0.0,52,895,2400
2020-06-18,34.6,28.1,10.1,113,0.0,50,809,2290
2020-06-19,34.9,30.0,11.2,120,0.0,53,926,2275
2020-06-20,33.7,29.5,12.0,139,1.2,54,839,2115
2020-06-21,33.4,28.7,9.0,105,0.0,54,771,2140
2020-06-22,31.9,27.6,7.2,84,1.0,61,719,1720
2020-06-23,31.5,28.4,14.3,106,2.0,64,743,1535
2020-06-24,30.3,28.3,11.7,108,3.1,72,555,1030
2020-06-25,31.9,26.7,5.5,311,0.0,66,615,1785
2020-06-26,32.4,27.9,10.0,282,1.4,65,680,1545
2020-06-27,33.7,29.5,13.6,277,0.1,57,895,2285
2020-06-28,35.0,30.3,13.9,270,0.2,51,871,2125
2020-06-29,34.4,29.7,12.8,75,0.5,54,686,2090
2020-06-30,32.2,27.2,12.2,111,0.0,63,674,1525
2020-07-01,33.4,28.6,8.4,111,0.0,59,699,1535
2020-07-02,35.1,29.9,8.2,180,0.1,53,816,2075
2020-07-03,35.0,31.0,12.4,120,0.0,56,761,1880
2020-07-04,33.1,28.7,14.5,111,0.0,64,776,1580
2020-07-05,29.9,24.9,11.6,69,4.1,70,710,1790
2020-07-06,30.6,26.5,10.8,106,0.3,70,756,1575
2020-07-07,29.3,27.1,15.1,104,1.5,74,679,1220
2020-07-08,28.8,25.6,12.5,136,5.4,82,470,1160
2020-07-09,30.2,26.8,8.2,215,2.2,78,416,1060
2020-07-10,32.7,28.7,10.6,283,1.6,63,794,1870
2020-07-11,31.9,26.0,12.0,258,0.9,64,542,1565
2020-07-12,31.7,28.8,7.9,254,0.5,66,504,1130
2020-07-13,31.9,27.3,8.3,280,0.1,65,642,1605
2020-07-14,33.2,28.9,7.5,259,0.0,60,582,1665
2020-07-15,31.9,28.0,14.9,102,0.1,68,678,1235
2020-07-16,30.7,28.2,14.2,101,4.6,73,760,1720
2020-07-17,31.1,28.2,11.5,111,10.8,74,619,1215
2020-07-18,31.6,27.3,10.5,108,2.5,74,476,1110
2020-07-19,30.5,27.1,9.5,261,14.1,80,424,895
2020-07-20,29.3,26.3,11.3,270,15.3,79,515,905
2020-07-21,28.2,25.1,7.3,169,13.5,82,377,1115
2020-07-22,27.2,25.3,8.3,275,14.4,86,388,1015
2020-07-23,28.5,24.4,6.3,307,0.2,79,500,1500
2020-07-24,28.8,26.1,8.4,106,1.6,78,542,1570
2020-07-25,28.8,25.8,10.1,109,1.9,82,479,1085
2020-07-26,29.9,25.6,6.2,102,2.6,80,402,1165
2020-07-27,31.0,27.8,9.9,271,2.7,75,565,1370
2020-07-28,31.8,29.1,13.3,260,0.4,67,656,1460
2020-07-29,30.5,27.8,10.3,164,0.1,72,549,1260
2020-07-30,28.9,25.8,7.8,151,3.9,79,579,1140
2020-07-31,29.2,25.4,6.8,109,8.5,84,407,1220
2020-08-01,29.4,26.8,5.6,139,5.6,84,349,1065
2020-08-02,31.1,27.5,8.8,287,0.2,75,460,1430
2020-08-03,31.7,28.5,8.7,264,1.3,72,542,1570
2020-08-04,31.7,27.3,8.3,322,0.9,73,496,1440
2020-08-05,30.5,28.1,10.7,89,2.1,79,400,1145
2020-08-06,30.9,27.6,23.0,96,0.1,71,1086,1860
2020-08-07,29.9,27.2,16.6,109,0.9,76,768,1315
2020-08-08,30.8,27.4,3.9,180,3.3,78,540,1330
2020-08-09,29.8,26.9,5.6,91,22.8,83,339,795
2020-08-10,28.8,26.5,9.1,117,2.4,87,389,835
2020-08-11,28.9,26.5,6.2,220,15.8,87,415,975
2020-08-12,29.8,26.3,11.1,265,3.4,83,491,1125
2020-08-13,26.6,25.8,8.1,60,84.6,95,238,355
2020-08-14,27.6,25.6,12.6,100,5.0,89,343,530
2020-08-15,28.9,25.9,11.0,115,2.6,86,435,1060
2020-08-16,28.7,26.0,9.3,116,6.2,87,440,1220
2020-08-17,29.1,26.7,9.1,128,2.1,86,405,940
2020-08-18,29.8,27.6,5.3,204,9.7,84,356,885
2020-08-19,27.1,26.1,7.0,168,16.7,92,181,305
2020-08-20,26.5,24.5,8.1,90,8.8,93,296,565
2020-08-21,28.6,25.9,13.3,91,0.2,79,652,1255
2020-08-22,28.6,26.1,18.1,90,0.1,75,906,1290
2020-08-23,28.1,25.8,17.3,90,2.0,81,760,995
2020-08-24,27.7,25.5,15.5,118,0.8,82,592,1035
2020-08-25,28.5,25.6,10.7,142,0.9,80,504,880
2020-08-26,29.0,26.1,7.5,247,0.9,79,414,1245
2020-08-27,28.7,26.6,6.7,300,1.1,80,359,1145
2020-08-28,28.5,26.0,5.6,40,2.8,84,336,1055
2020-08-29,28.5,25.4,7.2,100,1.8,83,496,1300
2020-08-30,27.9,26.3,20.2,95,2.4,79,760,1145
2020-08-31,27.9,25.2,16.2,143,1.5,77,645,1045
2020-09-01,28.5,25.2,9.5,183,1.3,75,530,1305
2020-09-02,28.8,25.5,6.6,253,0.8,76,414,970
2020-09-03,28.5,26.2,10.4,109,5.4,83,508,1450
2020-09-04,28.9,26.2,10.0,124,2.5,81,422,1250
2020-09-05,28.3,25.8,4.9,216,9.6,85,345,1110
2020-09-06,28.2,25.9,5.5,289,5.3,86,369,1235
2020-09-07,28.7,25.9,4.5,317,4.5,83,336,1160
2020-09-08,29.3,26.1,5.4,297,0.4,79,437,1255
2020-09-09,29.8,25.9,6.9,307,0.0,74,436,1345
2020-09-10,29.8,26.0,8.6,291,0.0,72,479,1450
2020-09-11,30.2,25.9,6.8,308,0.0,69,419,1520
2020-09-12,30.2,25.5,6.2,19,0.0,70,435,1485
2020-09-13,30.0,25.9,6.0,23,0.0,73,414,1385
2020-09-14,29.8,26.5,5.3,65,0.6,77,412,1315
2020-09-15,30.8,26.1,5.3,331,0.0,69,476,1605
2020-09-16,31.4,26.8,7.0,292,0.0,65,480,1670
2020-09-17,31.7,27.2,10.3,295,0.0,61,635,1960
2020-09-18,32.1,27.4,9.8,286,0.0,58,589,1840
2020-09-19,31.4,26.9,6.1,352,0.0,63,499,1690
2020-09-20,30.7,26.4,8.5,355,0.0,67,525,1565
2020-09-21,30.8,25.2,7.0,353,0.0,62,508,1600
2020-09-22,30.2,26.7,8.3,100,5.7,73,460,1395
2020-09-23,29.5,26.1,8.5,106,2.3,73,514,1350
2020-09-24,29.6,25.5,7.5,29,0.0,70,480,1325
2020-09-25,30.6,25.8,11.5,277,0.0,59,639,2270
2020-09-26,29.2,24.3,9.7,277,0.0,56,526,2185
2020-09-27,28.9,24.2,8.9,296,0.0,58,510,1730
2020-09-28,28.5,23.5,10.1,307,0.0,57,505,1865
2020-09-29,28.0,22.4,10.8,302,0.0,55,619,2260
2020-09-30,27.9,22.0,12.2,300,0.0,51,628,2200
2020-10-01,28.3,22.1,10.5,299,0.0,52,559,2060
2020-10-02,27.9,21.7,8.0,295,0.0,59,432,1670
2020-10-03,27.3,21.1,8.5,309,0.0,56,554,2145
2020-10-04,26.4,18.3,8.6,304,0.0,52,474,1860
2020-10-05,26.7,20.1,10.9,303,0.0,50,482,1715
2020-10-06,26.7,19.4,10.6,310,0.0,52,474,1770
2020-10-07,26.8,20.2,7.3,307,0.0,57,489,1895
2020-10-08,26.9,19.4,7.0,308,0.0,56,526,2010
2020-10-09,27.0,19.5,5.7,318,0.0,56,526,1935
2020-10-10,27.3,20.5,6.9,298,0.0,55,548,1940
2020-10-11,27.5,20.5,7.3,315,0.0,53,548,2015
2020-10-12,27.3,20.2,6.3,39,0.0,60,574,2140
2020-10-13,27.4,21.4,8.1,91,0.0,62,715,2475
2020-10-14,27.6,22.5,7.1,61,0.0,66,680,2285
2020-10-15,27.3,21.8,7.9,28,0.0,56,675,2230
2020-10-16,25.6,18.5,6.8,352,0.0,47,525,2005
2020-10-17,27.0,21.4,5.8,19,0.0,43,438,1785
2020-10-18,26.1,19.3,8.9,305,0.0,39,475,1735
2020-10-19,25.3,19.3,9.1,301,0.0,36,439,1550
2020-10-20,24.9,17.3,8.9,330,0.0,36,511,1955
2020-10-21,25.4,17.2,7.3,72,0.0,42,423,2180
2020-10-22,26.2,20.3,6.5,51,0.0,42,476,2535
2020-10-23,25.4,17.7,7.3,11,0.0,44,620,2780
2020-10-24,24.9,18.7,7.7,314,0.0,43,544,2195
2020-10-25,25.6,18.2,6.6,24,0.0,42,627,3155
2020-10-26,25.1,18.5,7.2,341,0.0,42,449,3055
2020-10-27,23.1,16.8,11.0,301,0.0,35,527,2125
2020-10-28,23.1,15.3,7.0,317,0.0,39,492,1845
2020-10-29,23.9,16.7,5.5,20,0.0,45,516,1985
2020-10-30,22.4,14.5,9.0,302,0.0,46,535,1860
2020-10-31,21.9,15.1,10.7,304,0.0,40,475,1705
2020-11-01,21.4,14.3,10.7,287,0.0,30,481,1655
2020-11-02,21.9,13.7,10.1,290,0.0,29,508,1800
2020-11-03,21.9,12.8,7.3,266,0.0,32,507,2205
2020-11-04,21.4,13.8,9.2,270,0.0,39,495,2305
2020-11-05,22.6,14.6,8.0,283,0.0,40,413,1980
2020-11-06,21.9,13.4,8.6,282,0.0,41,434,2005
2020-11-07,21.4,14.2,10.3,284,0.0,42,378,1435
2020-11-08,21.5,12.6,5.6,299,0.0,45,327,1320
2020-11-09,20.9,12.7,7.1,355,0.0,52,341,1420
2020-11-10,21.1,15.3,6.0,79,0.0,57,391,1600
2020-11-11,20.6,14.5,7.7,83,0.0,62,516,1765
2020-11-12,21.0,13.9,5.9,57,0.0,58,543,1970
2020-11-13,21.0,13.4,5.1,293,0.0,53,518,1835
2020-11-14,20.4,14.2,6.1,321,0.0,55,476,1810
2020-11-15,21.1,15.8,14.2,131,4.2,61,377,1285
2020-11-16,19.5,16.2,9.7,68,8.2,79,424,1355
2020-11-17,18.7,14.5,8.3,316,0.0,74,422,1490
2020-11-18,17.8,13.5,7.0,323,0.0,68,384,1320
2020-11-19,17.2,12.7,6.7,351,0.0,63,398,1545
2020-11-20,16.5,11.3,11.2,313,0.0,58,339,1105
2020-11-21,16.3,11.6,14.1,297,0.0,52,479,1430
2020-11-22,15.8,10.0,9.9,289,0.0,53,312,1130
2020-11-23,15.8,9.0,5.8,33,0.0,58,292,1225
2020-11-24,16.1,9.8,7.2,100,0.0,62,303,1245
2020-11-25,17.0,13.7,9.0,78,0.0,64,308,1015
2020-11-26,17.3,13.5,7.7,1,0.7,69,344,1120
2020-11-27,17.3,12.3,12.2,307,0.0,67,325,1025
2020-11-28,16.4,11.2,11.4,288,0.0,63,267,800
2020-11-29,15.6,9.8,8.7,288,0.0,64,221,800
2020-11-30,16.2,10.0,7.5,293,0.0,65,239,870
2020-12-01,16.6,10.1,7.7,297,0.0,69,237,865
2020-12-02,17.7,11.0,10.1,282,0.0,67,274,890
2020-12-03,18.5,11.6,6.3,286,0.0,64,249,970
2020-12-04,18.6,11.4,7.5,125,0.0,64,266,1220
2020-12-05,18.9,13.1,10.2,118,0.0,68,256,875
2020-12-06,19.0,13.6,6.9,123,0.0,71,268,1085
2020-12-07,18.4,13.0,9.4,291,0.0,74,262,905
2020-12-08,18.2,11.7,6.8,339,0.0,73,224,950
2020-12-09,19.4,12.5,5.7,338,0.0,67,242,1085
2020-12-10,18.7,13.1,7.7,333,0.0,68,232,1045
2020-12-11,18.9,13.0,6.8,107,0.2,70,257,965
2020-12-12,17.9,14.7,6.3,39,0.9,82,330,1170
2020-12-13,15.1,10.7,11.0,312,0.0,68,392,1310
2020-12-14,12.6,8.4,9.7,319,0.0,71,313,1000
2020-12-15,11.3,6.4,8.7,330,0.0,72,240,785
2020-12-16,11.5,6.8,10.5,314,0.0,70,364,1165
2020-12-17,10.2,5.3,13.9,301,0.0,65,384,885
2020-12-18,11.0,5.9,14.0,293,0.0,58,336,880
2020-12-19,12.2,6.3,13.1,290,0.0,59,277,770
2020-12-20,13.4,7.1,12.4,292,0.0,61,248,680
2020-12-21,13.2,7.9,9.0,297,0.0,70,229,670
2020-12-22,14.1,7.9,6.9,294,0.0,71,194,735
2020-12-23,14.0,6.2,6.4,302,0.0,72,212,880
2020-12-24,13.8,6.8,8.6,319,0.0,67,247,1100
2020-12-25,13.3,6.4,9.3,308,0.0,65,272,945
2020-12-26,12.8,6.6,9.7,300,0.0,71,253,865
2020-12-27,14.9,9.3,10.0,152,0.2,64,285,1000
2020-12-28,12.0,6.8,10.7,341,0.0,53,442,1360
2020-12-29,10.3,5.5,11.3,317,0.0,67,306,905
2020-12-30,9.7,5.1,10.3,310,0.0,76,318,1005
2020-12-31,9.7,4.9,9.1,292,0.0,79,226,785
2021-01-01,10.5,3.5,5.7,103,0.0,75,194,740
2021-01-02,13.7,9.7,9.6,108,4.5,72,203,520
2021-01-03,16.0,12.3,15.1,121,8.1,83,351,760
2021-01-04,16.6,13.0,9.9,96,5.6,88,215,805
2021-01-05,17.5,14.0,10.7,94,2.8,84,298,915
2021-01-06,17.5,14.8,8.0,117,2.7,86,268,810
2021-01-07,14.9,11.1,9.1,296,0.0,85,384,1035
2021-01-08,13.4,9.0,6.3,342,0.0,85,156,560
2021-01-09,14.9,11.1,12.1,318,0.0,81,306,655
2021-01-10,12.3,8.7,14.0,305,0.0,74,322,665
2021-01-11,11.6,7.3,14.1,301,0.0,80,379,770
2021-01-12,11.4,6.8,11.3,284,0.0,77,336,1005
2021-01-13,10.9,6.0,10.7,288,0.0,77,254,795
2021-01-14,11.3,4.8,6.7,83,0.0,79,192,735
2021-01-15,12.3,8.0,4.9,52,0.0,82,208,795
2021-01-16,10.3,5.3,7.8,310,0.0,86,162,525
2021-01-17,11.4,6.7,11.4,104,0.0,83,265,735
2021-01-18,13.4,10.4,10.5,89,3.0,86,269,585
2021-01-19,14.6,10.1,10.0,295,0.0,85,262,810
2021-01-20,14.2,10.1,14.9,284,0.0,83,356,760
2021-01-21,13.7,9.3,14.4,281,0.0,76,352,905
2021-01-22,13.4,7.4,9.7,113,0.0,76,206,745
2021-01-23,14.2,8.9,13.1,129,0.0,77,301,885
2021-01-24,13.1,9.0,9.8,304,0.0,79,333,1045
2021-01-25,11.5,6.5,8.3,304,0.0,79,347,1210
2021-01-26,11.7,7.2,9.6,290,0.0,77,324,1235
2021-01-27,11.7,6.6,10.5,294,0.0,73,294,1000
2021-01-28,10.8,5.6,8.6,316,0.0,75,290,1110
2021-01-29,11.7,6.0,10.8,288,0.0,72,340,1145
2021-01-30,12.0,6.5,12.0,283,0.0,67,327,1120
2021-01-31,12.5,5.3,7.6,284,0.0,66,262,1125
2021-02-01,14.3,7.1,7.4,12,0.0,72,246,1075
2021-02-02,15.1,7.6,6.5,320,0.0,72,226,980
2021-02-03,17.2,12.0,12.4,122,0.1,72,276,1020
2021-02-04,15.6,10.6,9.9,52,11.0,80,336,1215
2021-02-05,13.4,8.5,8.8,327,0.0,83,302,1140
2021-02-06,13.9,8.8,11.6,308,0.0,73,419,1385
2021-02-07,14.7,9.6,12.8,296,0.0,70,388,1090
2021-02-08,15.0,8.6,8.3,296,0.0,75,284,1010
2021-02-09,16.6,10.2,9.2,284,0.0,71,275,1045
2021-02-10,17.7,11.8,7.3,33,0.0,72,277,1260
2021-02-11,17.0,11.3,7.5,329,0.0,75,295,1075
2021-02-12,17.2,11.2,7.0,312,0.0,77,250,970
2021-02-13,16.9,11.7,6.1,340,0.0,78,227,1035
2021-02-14,18.2,12.3,5.9,20,0.0,71,319,1435
2021-02-15,18.9,12.1,6.7,347,0.0,68,369,1695
2021-02-16,18.8,12.2,7.1,8,0.0,70,431,1955
2021-02-17,18.1,11.7,7.4,330,0.0,71,393,1790
2021-02-18,18.3,11.5,6.9,345,0.0,71,434,1765
2021-02-19,17.9,11.1,7.9,317,0.0,74,426,1710
2021-02-20,18.0,11.8,8.9,305,0.0,69,425,1590
2021-02-21,18.7,11.7,10.6,295,0.0,66,390,1305
2021-02-22,19.5,12.7,10.7,288,0.0,66,396,1310
2021-02-23,21.5,13.1,8.1,281,0.0,56,384,1815
2021-02-24,22.0,13.6,8.2,293,0.0,58,360,1740
2021-02-25,22.5,13.7,9.5,291,0.0,59,451,2140
2021-02-26,23.2,15.5,11.1,272,0.0,56,559,2430
2021-02-27,24.1,19.0,10.7,285,0.0,42,617,1995
2021-02-28,22.2,16.9,8.8,349,0.0,49,683,2820
2021-03-01,20.4,14.3,12.7,317,0.0,46,643,2230
2021-03-02,20.7,14.7,17.8,300,0.0,40,560,1400
2021-03-03,22.3,15.1,12.4,301,0.0,39,429,1385
2021-03-04,23.7,15.2,5.6,8,0.0,44,384,1905
2021-03-05,22.6,15.9,15.1,308,0.0,45,604,2070
2021-03-06,22.6,15.3,12.4,300,0.0,43,424,1330
2021-03-07,24.8,15.4,10.8,117,0.0,42,407,1335
2021-03-08,24.7,19.2,14.9,103,0.0,50,445,1140
2021-03-09,24.7,18.5,7.2,100,0.2,59,445,2075
2021-03-10,23.9,18.4,8.0,344,0.1,61,562,2280
2021-03-11,24.8,16.6,7.9,57,0.0,53,496,2875
2021-03-12,23.4,18.0,10.5,108,0.7,54,445,1835
2021-03-13,23.3,16.2,6.8,324,0.0,61,529,1935
2021-03-14,23.2,16.4,10.5,307,0.0,50,597,2060
2021-03-15,24.1,17.6,11.4,300,0.0,51,525,2000
2021-03-16,24.4,17.3,11.4,304,0.0,47,613,2460
2021-03-17,25.1,17.6,9.5,318,0.0,42,599,2825
2021-03-18,24.8,17.5,7.8,294,0.0,47,424,1705
2021-03-19,24.7,19.5,8.4,276,0.0,51,562,2660
2021-03-20,24.9,17.6,11.5,300,0.0,44,705,2785
2021-03-21,25.8,18.0,9.7,316,0.0,42,734,3005
2021-03-22,25.0,18.9,11.6,74,0.0,48,481,1840
2021-03-23,24.7,20.2,11.1,112,0.5,49,460,1930
2021-03-24,24.4,16.9,9.8,317,0.0,44,850,3035
2021-03-25,23.5,16.7,16.2,302,0.0,40,642,1775
2021-03-26,23.6,16.2,13.8,297,0.0,46,531,1560
2021-03-27,25.6,17.8,7.8,301,0.0,45,530,1840
2021-03-28,27.9,18.6,7.2,279,0.0,43,517,1855
2021-03-29,29.3,21.6,8.7,126,0.0,37,605,2600
2021-03-30,30.2,23.3,19.2,284,0.0,30,1052,2715
2021-03-31,27.6,21.9,20.7,301,0.0,23,969,2215
2021-04-01,26.1,19.1,21.3,300,0.0,16,938,2245
2021-04-02,25.3,17.3,12.2,307,0.0,17,810,2930
2021-04-03,25.2,16.9,8.8,336,0.0,19,687,2650
2021-04-04,26.6,17.1,10.9,309,0.0,22,582,2115
2021-04-05,29.4,19.5,10.4,78,0.0,26,651,2625
2021-04-06,30.1,22.6,10.0,97,0.0,29,647,2770
2021-04-07,28.7,21.5,11.5,321,0.0,31,886,3750
2021-04-08,27.1,20.5,11.5,307,0.0,25,860,2500
2021-04-09,26.9,18.6,11.1,336,0.0,21,905,3375
2021-04-10,28.2,19.4,11.3,314,0.0,18,1108,3830
2021-04-11,29.1,20.2,10.1,311,0.0,20,1230,4445
2021-04-12,29.9,20.8,9.5,320,0.0,19,1181,4845
2021-04-13,30.3,22.0,12.3,296,0.0,22,1229,4455
2021-04-14,30.6,22.0,13.5,290,0.0,22,906,4510
2021-04-15,31.0,23.0,10.8,289,0.0,19,1300,4730
2021-04-16,29.4,22.6,10.7,257,2.6,33,1255,4355
2021-04-17,27.5,19.7,10.1,307,0.0,44,1025,3285
2021-04-18,28.9,21.3,8.4,323,0.0,29,966,3325
2021-04-19,29.5,21.4,11.2,312,0.0,29,1124,3935
2021-04-20,27.7,22.4,15.4,16,0.0,29,847,2450
2021-04-21,26.2,19.0,13.5,267,0.0,41,773,2330
2021-04-22,26.5,19.8,8.7,73,0.0,43,943,2720
2021-04-23,27.7,22.5,17.5,110,0.0,35,767,2375
2021-04-24,26.5,18.9,13.0,330,0.0,36,858,2165
2021-04-25,28.7,21.1,13.8,317,0.0,27,759,2260
2021-04-26,30.0,20.9,9.3,299,0.0,24,841,3040
2021-04-27,32.8,23.4,9.7,306,0.0,22,1280,4250
2021-04-28,33.8,24.3,10.8,298,0.0,19,1430,4880
2021-04-29,33.3,25.5,11.1,319,0.0,21,1335,4655
2021-04-30,32.2,24.7,9.3,72,0.0,28,968,3885
2021-05-01,32.2,24.9,9.1,139,0.0,30,1028,3795
2021-05-02,31.9,26.1,7.9,140,0.0,30,687,2500
2021-05-03,31.7,25.3,8.3,290,0.0,31,994,3440
2021-05-04,32.8,26.1,9.7,112,0.0,30,881,3780
2021-05-05,31.5,26.1,12.8,94,0.3,39,910,3340
2021-05-06,29.3,24.0,14.4,86,6.1,53,802,3215
2021-05-07,28.3,21.7,8.3,68,4.1,56,803,2495
2021-05-08,31.1,23.6,7.3,40,0.0,39,1035,3065
2021-05-09,31.0,25.2,8.4,125,0.0,40,740,3200
2021-05-10,30.5,25.0,10.1,111,0.4,42,668,2320
2021-05-11,31.3,25.1,11.3,111,0.1,41,786,3305
2021-05-12,29.8,24.3,11.6,100,0.4,45,606,2395
2021-05-13,27.3,22.3,13.3,91,1.5,58,732,2025
2021-05-14,29.6,22.7,8.8,71,0.0,47,917,2695
2021-05-15,30.2,24.7,6.8,67,0.0,41,873,2870
2021-05-16,31.6,23.8,7.2,52,0.0,37,926,2925
2021-05-17,32.3,26.6,7.2,199,0.0,35,917,2660
2021-05-18,27.1,24.6,10.5,193,1.1,54,420,610
2021-05-19,21.7,20.8,13.7,64,98.7,87,499,660
2021-05-20,24.2,20.4,15.2,1,31.5,77,613,1335
2021-05-21,26.1,20.8,9.8,112,2.3,76,475,1555
2021-05-22,28.5,23.8,6.6,171,0.0,66,567,1765
2021-05-23,28.4,22.8,10.1,278,0.0,56,552,2000
2021-05-24,28.8,22.8,15.6,298,0.0,42,748,2130
2021-05-25,30.1,24.9,14.8,321,0.0,35,647,1710
2021-05-26,30.2,23.4,8.2,309,0.0,36,555,2435
2021-05-27,30.2,23.0,6.8,48,0.0,44,522,2375
2021-05-28,30.4,24.5,13.2,137,0.0,59,577,1265
2021-05-29,31.1,26.2,16.9,135,0.0,55,727,1520
2021-05-30,30.3,25.3,11.8,130,0.7,63,641,1630
2021-05-31,31.6,26.3,8.2,140,0.1,59,672,2190
2021-06-01,29.0,22.5,8.7,116,0.5,66,476,1105
2021-06-02,29.3,23.5,6.1,314,5.4,64,664,1910
2021-06-03,30.3,25.2,5.9,68,0.0,59,675,2280
2021-06-04,30.4,25.2,6.0,32,0.0,62,931,2505
2021-06-05,30.9,25.8,9.0,121,0.1,59,629,2250
2021-06-06,31.9,25.9,8.1,276,0.0,52,752,2415
2021-06-07,32.7,26.7,7.8,338,0.0,50,936,2900
2021-06-08,35.0,29.0,15.6,276,0.0,39,1158,3045
2021-06-09,36.0,31.3,16.0,272,0.0,38,1071,2925
2021-06-10,33.0,29.8,15.8,106,0.0,58,694,1715
2021-06-11,32.1,27.4,12.5,100,0.0,59,904,2080
2021-06-12,32.4,28.7,16.0,114,0.0,59,876,1750
2021-06-13,30.7,25.5,8.1,106,7.2,67,735,1620
2021-06-14,31.3,26.2,7.9,100,0.0,61,782,1950
2021-06-15,30.6,26.3,9.0,237,4.2,64,784,2120
2021-06-16,29.4,25.6,8.6,95,2.3,72,559,1495
2021-06-17,30.0,26.2,9.2,76,0.1,68,683,1685
2021-06-18,29.3,25.8,12.0,93,0.7,70,719,1610
2021-06-19,28.4,25.1,11.6,58,0.2,72,627,1270
2021-06-20,28.9,25.2,8.8,63,1.1,73,537,1150
2021-06-21,30.7,25.2,8.7,38,0.1,64,684,1775
2021-06-22,33.5,28.4,8.7,289,0.0,48,860,2410
2021-06-23,34.4,28.8,7.7,95,0.0,43,830,2450
2021-06-24,32.5,28.2,10.6,123,0.0,58,784,2265
2021-06-25,32.5,28.4,8.8,218,1.6,59,805,2300
2021-06-26,32.0,26.6,5.9,91,0.0,57,740,2110
2021-06-27,33.4,28.7,9.1,114,0.0,54,834,2120
2021-06-28,34.3,28.6,7.2,90,0.0,49,933,2445
2021-06-29,36.1,29.4,11.5,274,0.0,38,1155,2920
2021-06-30,36.9,30.2,18.5,274,0.0,30,1304,3215
2021-07-01,37.0,32.2,16.6,255,0.0,33,1259,2680
2021-07-02,35.5,31.2,14.8,261,0.1,42,1109,2955
2021-07-03,33.3,29.3,10.9,255,0.0,50,937,2445
2021-07-04,34.2,28.6,7.9,266,0.0,48,827,2425
2021-07-05,34.7,29.3,8.3,309,0.0,46,1038,2670
2021-07-06,35.2,29.6,11.9,292,0.0,45,894,2550
2021-07-07,36.2,31.4,11.2,283,0.0,40,1091,2785
2021-07-08,36.0,32.3,13.2,297,0.0,39,1091,2565
2021-07-09,33.2,28.2,13.4,96,0.2,58,795,1710
2021-07-10,33.6,29.7,10.7,107,1.2,58,896,1685
2021-07-11,32.1,28.9,17.5,108,2.0,64,916,1675
2021-07-12,30.5,28.0,18.6,112,4.9,69,942,1430
2021-07-13,30.0,27.3,11.7,91,5.3,76,438,710
2021-07-14,29.3,27.4,11.1,65,9.4,81,413,785
2021-07-15,30.7,27.5,11.7,80,2.5,75,645,1315
2021-07-16,31.0,27.5,10.9,93,3.8,74,675,1390
2021-07-17,32.7,28.5,7.4,138,0.7,67,659,1840
2021-07-18,30.2,27.3,8.8,197,24.9,81,442,1375
2021-07-19,26.3,25.8,6.8,151,122.7,96,221,375
2021-07-20,27.8,25.8,3.9,149,27.3,88,323,795
2021-07-21,28.8,25.8,6.7,80,5.3,85,362,1015
2021-07-22,28.0,25.7,9.1,85,5.1,87,442,935
2021-07-23,28.9,25.9,9.1,111,5.8,85,367,1050
2021-07-24,30.2,26.8,5.9,112,0.7,82,438,1245
2021-07-25,30.9,27.4,7.8,116,0.0,78,507,1155
2021-07-26,29.0,27.9,8.3,115,4.9,85,366,640
2021-07-27,28.2,26.9,8.1,264,14.1,89,300,690
2021-07-28,27.1,26.1,8.2,285,18.7,90,262,525
2021-07-29,27.4,25.5,6.0,295,8.2,88,310,850
2021-07-30,27.3,25.6,7.4,91,11.0,89,247,465
2021-07-31,28.2,25.3,9.3,91,3.3,87,467,990
2021-08-01,29.1,26.6,6.2,217,0.9,83,279,805
2021-08-02,27.7,25.8,5.9,79,25.7,88,358,920
2021-08-03,28.6,26.2,11.0,54,8.2,85,618,1135
2021-08-04,28.7,26.0,11.8,77,0.0,78,555,1005
2021-08-05,29.1,25.8,5.7,83,0.3,79,442,1120
2021-08-06,29.7,26.2,4.6,68,2.0,81,402,1305
2021-08-07,28.8,27.2,3.9,97,8.5,87,265,800
2021-08-08,28.3,26.4,4.5,105,17.1,89,346,1040
2021-08-09,28.2,26.2,5.3,117,3.2,87,356,975
2021-08-10,29.9,26.4,10.2,265,0.7,77,529,1615
2021-08-11,30.5,27.8,15.9,261,0.0,64,688,1410
2021-08-12,30.2,26.7,12.8,258,0.0,66,585,1540
2021-08-13,30.6,27.0,12.5,252,0.0,65,609,1800
2021-08-14,30.6,27.2,14.0,259,0.0,64,637,1575
2021-08-15,30.4,26.8,10.3,263,0.0,64,600,1645
2021-08-16,30.4,26.7,7.9,271,0.0,66,498,1630
2021-08-17,31.2,26.9,7.5,318,0.0,66,531,1665
2021-08-18,31.2,26.6,6.2,347,0.0,66,532,1530
2021-08-19,30.8,27.3,7.0,73,0.5,74,434,1390
2021-08-20,27.8,26.4,12.0,101,2.0,86,379,605
2021-08-21,26.7,24.9,11.7,103,30.3,91,494,710
2021-08-22,27.6,24.9,9.4,116,9.8,88,429,1010
2021-08-23,28.5,25.9,5.8,189,5.9,87,342,1165
2021-08-24,29.0,26.5,4.7,196,2.1,87,341,1050
2021-08-25,30.4,27.9,15.2,269,0.0,68,615,1415
2021-08-26,29.7,27.3,14.7,265,0.0,67,645,1355
2021-08-27,29.6,25.8,10.2,223,0.0,67,521,1475
2021-08-28,29.4,26.6,7.1,144,0.0,74,420,1210
2021-08-29,28.6,25.9,7.8,112,1.3,85,372,980
2021-08-30,27.4,25.2,10.8,97,1.2,86,544,1085
2021-08-31,27.0,24.7,11.3,97,5.3,87,442,995
2021-09-01,26.4,24.2,9.2,73,10.7,90,306,475
2021-09-02,27.8,24.6,6.0,91,1.2,87,338,1095
2021-09-03,27.1,25.3,6.8,131,11.3,89,300,1150
2021-09-04,27.3,24.9,4.6,155,14.7,88,287,950
2021-09-05,28.2,25.4,4.7,190,3.8,86,285,1135
2021-09-06,29.0,26.1,4.9,142,4.1,84,393,1290
2021-09-07,28.0,25.7,11.1,85,7.6,88,406,1090
2021-09-08,28.0,26.1,17.3,100,2.3,80,728,915
2021-09-09,27.7,24.9,11.5,95,4.4,84,480,1055
2021-09-10,26.8,24.9,14.4,95,16.6,88,642,1125
2021-09-11,25.9,23.9,17.0,103,15.3,91,520,980
2021-09-12,26.5,24.5,8.5,95,6.4,91,467,1035
2021-09-13,27.6,25.5,6.3,67,7.8,88,281,900
2021-09-14,27.9,25.7,9.8,47,0.3,84,475,1320
2021-09-15,28.4,25.6,10.6,82,0.0,77,441,710
2021-09-16,27.9,25.2,13.3,34,4.1,77,448,1410
2021-09-17,26.8,23.5,15.9,48,1.5,75,529,1215
2021-09-18,27.4,24.2,12.6,78,0.1,80,547,1095
2021-09-19,28.1,25.1,9.5,111,0.3,81,410,940
2021-09-20,28.3,24.9,7.7,124,0.7,81,352,925
2021-09-21,28.0,26.0,8.5,124,1.7,83,371,1025
2021-09-22,26.4,24.5,10.2,116,17.3,90,354,835
2021-09-23,26.6,24.5,9.6,93,6.4,88,460,1140
2021-09-24,27.0,24.6,8.6,71,2.1,85,341,985
2021-09-25,27.2,24.5,6.9,63,2.1,86,438,1190
2021-09-26,26.8,24.1,9.3,85,1.5,85,399,1045
2021-09-27,28.1,24.5,5.7,72,0.2,81,349,1035
2021-09-28,28.1,25.6,10.3,88,1.7,82,441,1305
2021-09-29,28.2,25.2,11.8,102,0.2,80,514,1070
2021-09-30,28.2,25.3,6.5,112,0.7,82,346,1145
2021-10-01,28.6,25.2,3.8,226,0.2,82,330,1325
2021-10-02,28.9,25.6,7.6,283,0.2,77,350,1330
2021-10-03,29.1,25.7,10.1,275,0.0,74,395,1300
2021-10-04,28.9,25.8,7.2,249,0.1,70,389,1300
2021-10-05,28.4,24.6,5.1,80,2.3,77,383,1440
2021-10-06,28.4,25.5,5.9,326,0.1,75,404,1265
2021-10-07,27.3,23.2,8.4,299,0.0,71,460,1450
2021-10-08,27.9,23.3,8.7,284,0.0,66,469,1680
2021-10-09,28.5,23.1,8.5,275,0.0,61,374,1650
2021-10-10,28.3,22.1,7.1,245,0.0,63,306,1415
2021-10-11,28.0,22.2,7.5,213,0.0,61,239,1075
2021-10-12,27.9,22.7,7.5,283,0.0,58,261,1265
2021-10-13,26.4,21.3,10.8,309,0.0,54,402,1515
2021-10-14,25.2,19.6,11.1,300,0.0,54,349,1100
2021-10-15,25.8,19.6,9.5,303,0.0,53,236,945
2021-10-16,27.0,20.9,6.5,38,0.0,62,250,925
2021-10-17,26.4,23.0,10.7,77,3.3,77,327,935
2021-10-18,22.4,20.9,10.4,27,27.4,93,293,655
2021-10-19,23.8,19.3,12.6,301,0.0,80,452,1280
2021-10-20,24.4,20.0,10.5,277,0.0,70,388,1540
2021-10-21,23.3,18.2,13.4,271,0.0,61,284,980
2021-10-22,23.9,20.2,13.4,267,0.0,61,362,1275
2021-10-23,23.9,19.5,7.8,174,0.0,65,382,1760
2021-10-24,22.8,19.0,8.9,140,0.2,70,351,1595
2021-10-25,22.0,17.3,6.9,340,0.0,78,372,1280
2021-10-26,20.9,16.8,9.8,306,0.0,71,404,1325
2021-10-27,20.9,15.6,10.2,306,0.0,64,360,1280
2021-10-28,20.6,15.4,10.1,304,0.0,64,326,1225
2021-10-29,21.0,14.8,7.2,318,0.0,63,278,1160
2021-10-30,21.4,15.8,11.6,298,0.0,56,349,1210
2021-10-31,22.2,16.3,10.3,274,0.0,51,372,1695
2021-11-01,22.1,16.2,8.1,141,0.0,54,291,1240
2021-11-02,21.5,16.4,10.5,140,0.0,65,289,1005
2021-11-03,21.7,15.6,7.5,173,0.0,62,285,1275
2021-11-04,21.2,15.2,6.1,287,0.0,64,335,1430
2021-11-05,20.6,14.8,8.1,302,0.0,63,392,1490
2021-11-06,20.9,14.6,12.0,289,0.0,57,367,1300
2021-11-07,21.2,15.6,10.9,284,0.0,60,290,1030
2021-11-08,21.0,14.7,9.5,294,0.0,60,273,1035
2021-11-09,20.9,15.3,9.7,298,0.0,60,255,965
2021-11-10,20.7,13.8,8.6,285,0.0,61,240,1045
2021-11-11,20.4,13.5,7.6,299,0.0,61,226,1000
2021-11-12,20.2,14.5,8.7,305,0.0,60,261,1160
2021-11-13,19.4,12.6,8.3,296,0.0,58,310,1345
2021-11-14,18.6,11.7,7.2,286,0.0,54,276,1290
2021-11-15,18.5,12.3,8.2,298,0.0,53,301,1320
2021-11-16,17.9,11.3,7.5,294,0.0,57,281,1135
2021-11-17,17.7,10.9,6.4,340,0.0,65,265,1135
2021-11-18,19.1,12.0,3.3,338,0.0,66,250,1085
2021-11-19,18.7,11.8,6.4,303,0.0,64,251,990
2021-11-20,19.3,15.6,6.1,289,0.0,58,191,775
2021-11-21,19.0,13.5,10.2,302,0.0,58,242,815
2021-11-22,18.8,12.9,15.8,289,0.0,51,346,1020
2021-11-23,18.3,12.3,12.4,272,0.0,55,287,1040
2021-11-24,18.6,11.4,6.6,118,0.0,58,234,1105
2021-11-25,17.9,12.0,6.7,149,0.0,70,209,900
2021-11-26,18.4,11.8,6.3,151,0.0,69,210,985
2021-11-27,18.8,13.0,7.9,122,0.0,72,289,1185
2021-11-28,18.9,13.6,7.2,84,0.0,74,324,1270
2021-11-29,18.1,11.4,9.8,301,0.0,64,322,1175
2021-11-30,18.0,12.5,11.5,294,0.0,65,252,840
2021-12-01,17.1,13.5,6.3,326,0.0,73,178,650
2021-12-02,16.4,14.1,7.2,296,3.9,81,213,390
2021-12-03,17.2,12.8,6.4,292,0.0,80,160,395
2021-12-04,17.4,11.7,7.2,280,0.0,73,206,910
2021-12-05,19.0,13.4,5.8,133,0.5,70,217,1040
2021-12-06,18.2,14.3,7.7,332,1.6,79,284,1415
2021-12-07,16.7,12.6,11.0,307,0.0,71,355,1270
2021-12-08,15.5,11.1,9.6,288,0.0,68,290,1155
2021-12-09,15.1,9.3,6.6,294,0.0,70,286,1270
2021-12-10,15.4,10.0,9.1,286,0.0,68,291,1205
2021-12-11,14.6,9.5,10.0,273,0.0,65,279,1140
2021-12-12,14.5,8.9,5.2,249,0.0,65,251,1195
2021-12-13,14.6,8.2,4.1,152,0.0,66,275,1195
2021-12-14,14.9,8.8,6.3,74,0.0,71,262,1065
2021-12-15,14.0,9.2,8.4,339,0.0,67,340,1220
2021-12-16,13.6,9.9,8.9,338,0.0,70,284,1000
2021-12-17,12.3,8.0,14.2,315,0.0,57,498,1400
2021-12-18,11.2,6.3,16.2,297,0.0,65,434,1155
2021-12-19,11.1,6.1,14.0,293,0.0,63,322,795
2021-12-20,11.6,5.9,9.7,294,0.0,67,232,730
2021-12-21,12.1,5.2,7.3,307,0.0,71,200,905
2021-12-22,13.3,5.9,6.4,318,0.0,67,180,810
2021-12-23,14.2,8.4,7.4,132,0.0,72,182,725
2021-12-24,14.5,9.7,7.3,126,0.0,75,215,915
2021-12-25,15.5,10.6,5.0,90,0.0,72,259,1095
2021-12-26,15.0,10.8,7.5,99,4.6,80,197,715
2021-12-27,14.9,10.7,6.9,50,3.2,72,290,1175
2021-12-28,13.9,10.5,5.5,32,1.7,78,203,970
2021-12-29,13.0,8.4,7.3,308,0.0,72,273,1190
2021-12-30,10.7,5.2,8.5,333,0.0,67,246,980
2021-12-31,10.5,5.0,8.0,294,0.0,71,230,810
2022-01-01,10.9,5.7,7.7,285,0.0,76,233,885
2022-01-02,11.9,6.8,7.3,295,0.0,77,205,740
2022-01-03,12.6,7.4,8.1,285,0.0,75,180,665
2022-01-04,14.5,8.1,6.6,288,0.2,71,184,785
2022-01-05,13.3,11.6,10.8,124,9.6,86,318,730
2022-01-06,14.6,12.0,12.0,134,0.9,83,391,940
2022-01-07,15.6,12.7,14.2,132,1.9,86,475,915
2022-01-08,15.4,14.1,15.3,123,16.2,90,522,595
2022-01-09,14.1,10.4,7.7,298,3.6,89,372,645
2022-01-10,11.5,8.0,8.6,303,0.0,82,371,1215
2022-01-11,11.5,7.3,9.5,301,0.0,79,308,975
2022-01-12,11.3,7.6,8.3,279,0.0,80,292,835
2022-01-13,12.3,7.2,4.2,285,0.0,75,296,1460
2022-01-14,10.7,6.2,5.7,323,0.0,81,294,1115
2022-01-15,9.9,5.8,6.8,315,0.0,87,302,875
2022-01-16,10.2,5.9,6.1,291,0.0,86,274,715
2022-01-17,9.7,4.7,4.2,293,0.0,85,254,750
2022-01-18,9.6,5.4,8.3,285,0.0,88,198,645
2022-01-19,11.0,6.6,6.2,304,0.7,89,166,605
2022-01-20,13.1,9.3,5.5,129,0.9,85,215,905
2022-01-21,12.2,7.2,6.8,127,0.0,85,280,1240
2022-01-22,13.2,11.9,19.7,120,22.8,85,534,900
2022-01-23,12.7,9.2,8.2,159,3.5,86,331,795
2022-01-24,10.7,7.1,8.3,307,0.6,83,288,1015
2022-01-25,10.3,6.2,8.6,292,0.0,80,331,1250
2022-01-26,10.7,6.3,10.1,290,0.0,81,392,1355
2022-01-27,11.5,7.0,13.2,288,0.0,73,453,1535
2022-01-28,11.6,7.1,13.8,283,0.0,71,360,1010
2022-01-29,12.4,6.8,9.2,283,0.0,73,264,945
2022-01-30,13.7,8.9,14.7,287,0.0,72,303,780
2022-01-31,13.6,8.2,5.5,133,0.0,80,209,875
2022-02-01,13.9,8.7,8.8,299,0.0,85,257,880
2022-02-02,14.2,9.0,10.4,229,0.0,78,320,960
2022-02-03,12.7,10.3,19.4,111,16.6,85,492,860
2022-02-04,11.5,8.2,13.2,305,0.2,84,499,1280
2022-02-05,10.9,5.7,6.6,340,0.0,83,209,840
2022-02-06,13.7,7.4,5.8,137,0.0,75,213,795
2022-02-07,15.2,8.3,7.8,152,0.0,78,219,870
2022-02-08,16.1,10.7,5.3,118,1.4,81,186,935
2022-02-09,14.4,10.3,8.5,51,3.6,83,339,1050
2022-02-10,13.8,8.0,10.7,296,0.0,75,400,1580
2022-02-11,14.2,9.9,15.6,289,0.0,65,496,1380
2022-02-12,14.3,9.4,12.9,285,0.0,67,331,1095
2022-02-13,14.7,8.4,6.9,289,0.0,70,283,1300
2022-02-14,15.5,9.2,7.8,143,0.0,70,329,1590
2022-02-15,16.5,11.0,6.6,266,0.0,65,322,1510
2022-02-16,16.2,10.0,8.0,305,0.0,69,309,1380
2022-02-17,17.3,10.6,8.3,324,0.0,64,280,1270
2022-02-18,17.3,10.0,7.8,317,0.0,61,295,1830
2022-02-19,16.6,10.4,11.9,303,0.0,61,409,1715
2022-02-20,17.2,12.5,16.0,291,0.0,57,636,2065
2022-02-21,17.5,11.2,9.1,277,0.0,54,296,1100
2022-02-22,18.6,12.5,20.7,122,0.0,56,477,930
2022-02-23,18.6,14.2,14.2,115,0.0,68,457,950
2022-02-24,18.2,12.3,7.0,340,0.0,72,350,1515
2022-02-25,18.6,12.6,8.1,98,0.0,68,366,1660
2022-02-26,17.8,14.3,17.6,92,1.5,69,559,1315
2022-02-27,17.1,12.3,10.5,348,0.0,64,455,1520
2022-02-28,16.4,10.9,12.1,304,0.0,63,371,1105
2022-03-01,17.1,10.7,8.5,306,0.0,65,299,1045
2022-03-02,18.5,11.3,6.4,302,0.0,62,318,1295
2022-03-03,19.5,13.0,6.3,12,1.6,63,380,1850
2022-03-04,18.8,13.3,13.6,307,0.0,70,477,1405
2022-03-05,18.9,13.1,15.0,295,0.0,65,469,1245
2022-03-06,19.6,13.9,7.6,270,0.0,63,302,1075
2022-03-07,20.9,14.2,7.1,100,0.0,60,325,1200
2022-03-08,21.5,14.2,9.9,320,0.0,57,323,1445
2022-03-09,22.1,15.4,11.0,303,0.0,51,382,1735
2022-03-10,22.2,16.4,12.3,303,0.0,51,505,1760
2022-03-11,22.0,15.8,12.8,293,0.0,57,451,1520
2022-03-12,22.2,15.3,12.0,293,0.0,54,389,1315
2022-03-13,23.5,16.9,11.1,295,0.0,59,389,1470
2022-03-14,24.2,16.1,8.3,302,0.0,64,366,1290
2022-03-15,26.1,18.8,9.9,292,0.0,64,375,1205
2022-03-16,27.0,19.9,15.7,287,0.0,58,516,1675
2022-03-17,26.5,20.1,7.8,352,0.0,64,338,1155
2022-03-18,27.3,21.8,9.1,131,0.0,66,491,1530
2022-03-19,27.8,20.4,7.1,157,0.0,60,421,1465
2022-03-20,28.1,21.8,9.4,186,0.0,48,392,1775
2022-03-21,27.8,20.1,10.1,316,0.0,45,566,2515
2022-03-22,27.8,20.7,17.3,302,0.0,43,634,2015
2022-03-23,27.5,18.9,9.9,277,0.0,38,404,1755
2022-03-24,27.4,20.7,12.0,277,0.0,37,615,2515
2022-03-25,26.8,19.4,12.5,301,0.0,31,611,2525
2022-03-26,27.2,19.7,17.5,292,0.0,30,738,2150
2022-03-27,28.0,20.1,14.4,286,0.0,28,529,1945
2022-03-28,28.9,20.2,9.1,295,0.0,28,485,2585
2022-03-29,29.1,19.1,11.7,286,0.0,27,584,2580
2022-03-30,29.4,20.6,7.4,313,0.0,28,415,2075
2022-03-31,29.5,21.3,8.3,124,0.0,38,540,2625
2022-04-01,28.9,21.5,13.9,292,0.0,26,611,1860
2022-04-02,28.9,19.9,8.6,268,0.0,24,675,2815
2022-04-03,30.1,21.9,9.9,266,0.0,19,656,3320
2022-04-04,29.1,21.8,12.8,279,0.0,18,669,2635
2022-04-05,29.4,20.8,10.7,295,0.0,20,724,2725
2022-04-06,30.2,20.9,12.2,293,0.0,19,779,3080
2022-04-07,31.0,21.4,11.2,293,0.0,18,824,3315
2022-04-08,32.1,23.0,11.1,296,0.0,16,862,4195
2022-04-09,32.9,22.4,10.4,283,0.0,16,896,4505
2022-04-10,33.3,24.2,15.1,290,0.0,16,840,3385
2022-04-11,32.9,24.5,11.0,271,0.0,18,894,3580
2022-04-12,32.3,26.0,10.0,255,0.0,20,424,1420
2022-04-13,32.5,23.8,10.2,249,0.0,20,909,3820
2022-04-14,31.8,25.2,13.4,291,0.0,18,1008,4495
2022-04-15,31.1,24.0,10.5,321,0.0,20,1025,4275
2022-04-16,31.7,23.1,8.5,313,0.0,19,941,4130
2022-04-17,32.0,24.0,9.3,190,0.0,19,970,4130
2022-04-18,32.7,24.1,8.1,344,0.0,21,598,2710
2022-04-19,34.1,25.2,15.1,284,0.0,17,1068,4335
2022-04-20,33.9,27.2,15.8,291,0.0,17,1162,3650
2022-04-21,31.5,26.3,13.3,300,0.0,23,638,2690
2022-04-22,30.9,22.6,10.2,298,0.0,28,1069,3665
2022-04-23,31.6,23.8,9.7,312,0.0,20,1022,3750
2022-04-24,32.1,24.3,15.9,297,0.0,19,1057,3655
2022-04-25,33.0,25.1,13.0,285,0.0,20,909,4015
2022-04-26,33.0,25.1,12.1,301,0.0,20,1194,4065
2022-04-27,33.2,23.9,11.0,290,0.0,17,955,3040
2022-04-28,34.9,26.1,10.8,281,0.0,16,1000,3970
2022-04-29,35.8,27.1,14.7,288,0.0,14,1092,4405
2022-04-30,35.7,28.3,12.1,276,0.0,14,1249,4725
2022-05-01,33.0,26.4,15.5,110,0.0,31,708,3040
2022-05-02,32.6,26.1,15.2,110,0.0,37,807,1990
2022-05-03,32.8,26.8,11.3,103,0.1,42,861,3330
2022-05-04,31.0,26.1,11.0,80,0.2,47,755,3180
2022-05-05,30.6,23.5,7.8,334,0.0,47,700,2445
2022-05-06,32.3,25.7,7.1,262,0.0,33,1044,3125
2022-05-07,32.8,26.1,8.2,7,0.0,30,772,2985
2022-05-08,33.0,25.5,12.0,141,0.0,34,938,3200
2022-05-09,33.3,27.4,14.7,114,0.0,44,865,2310
2022-05-10,33.4,28.2,11.8,114,0.0,45,890,2220
2022-05-11,34.1,27.8,11.6,104,0.0,44,1007,2825
2022-05-12,35.1,28.7,12.8,128,0.0,41,1004,3305
2022-05-13,35.0,27.8,13.0,70,0.0,42,881,3575
2022-05-14,35.9,27.6,9.9,278,0.0,26,988,3225
2022-05-15,37.7,29.6,12.6,283,0.0,15,830,4290
2022-05-16,36.4,31.5,16.1,276,0.0,22,865,2170
2022-05-17,32.9,28.0,10.3,71,0.4,42,1022,4060
2022-05-18,34.8,27.6,8.6,92,0.0,32,827,3770
2022-05-19,35.5,27.1,9.1,269,0.0,29,881,3655
2022-05-20,36.8,28.2,12.1,255,0.0,22,1045,4350
2022-05-21,35.1,29.4,12.8,234,0.0,28,753,3970
2022-05-22,33.4,25.8,9.1,126,0.0,33,946,3205
2022-05-23,26.2,22.0,21.3,113,25.5,65,830,1515
2022-05-24,26.9,21.5,11.4,118,0.0,64,655,1480
2022-05-25,28.1,23.1,6.4,354,0.0,60,659,1970
2022-05-26,29.6,23.8,7.0,46,0.0,54,731,2270
2022-05-27,31.4,25.7,10.3,226,0.0,49,801,2635
2022-05-28,32.9,27.0,8.2,217,1.2,49,891,2770
2022-05-29,33.0,26.3,11.3,243,0.0,48,725,2620
2022-05-30,32.8,27.6,10.6,163,0.2,47,844,3210
2022-05-31,32.7,25.6,9.7,274,0.0,40,875,2980
2022-06-01,33.6,25.4,10.8,275,0.0,34,944,3670
2022-06-02,34.1,28.4,12.0,280,0.0,27,881,3795
2022-06-03,34.9,27.2,10.9,283,0.0,22,1233,4885
2022-06-04,35.5,26.9,8.6,263,0.0,20,1214,4875
2022-06-05,35.8,28.8,13.3,270,0.0,19,1196,4760
2022-06-06,35.4,28.4,11.9,256,0.0,18,1232,4210
2022-06-07,36.4,29.6,15.2,273,0.0,21,1165,4080
2022-06-08,36.8,31.8,19.5,267,0.0,19,1327,4295
2022-06-09,36.7,30.7,14.7,262,0.0,22,1239,3775
2022-06-10,36.9,30.5,18.4,268,0.0,22,1260,3740
2022-06-11,37.2,31.2,19.3,278,0.0,20,1286,3585
2022-06-12,36.6,30.0,15.1,281,0.0,23,1141,3490
2022-06-13,37.3,31.7,19.3,274,0.0,26,1290,3275
2022-06-14,34.7,31.0,22.9,278,0.0,39,1019,2170
2022-06-15,35.7,29.4,20.1,266,0.0,40,1185,2855
2022-06-16,34.2,30.6,12.1,249,0.7,44,1004,2340
2022-06-17,29.9,23.8,9.6,242,11.6,64,642,1915
2022-06-18,29.7,24.9,8.4,356,0.9,65,468,1180
2022-06-19,26.6,23.7,9.7,255,9.9,82,468,940
2022-06-20,27.5,22.7,5.8,244,0.1,73,622,1595
2022-06-21,27.9,24.3,6.1,152,9.3,72,557,1505
2022-06-22,29.5,24.1,7.6,8,13.0,65,637,1880
2022-06-23,31.1,26.3,13.1,312,0.0,52,745,1935
2022-06-24,30.9,24.3,11.8,299,0.0,45,755,2170
2022-06-25,32.5,24.9,6.3,39,0.0,40,828,2560
2022-06-26,33.6,28.6,13.8,112,0.0,51,871,1840
2022-06-27,34.3,30.3,12.3,112,0.0,54,954,1930
2022-06-28,34.2,28.1,11.2,107,0.9,56,916,2295
2022-06-29,33.9,29.3,14.1,96,0.0,58,898,2495
2022-06-30,28.6,26.4,9.0,94,1.4,79,293,370
2022-07-01,28.1,24.8,5.4,82,1.0,81,307,800
2022-07-02,29.9,26.1,9.0,123,2.3,74,425,1160
2022-07-03,29.2,25.4,9.3,120,4.5,81,560,1185
2022-07-04,30.7,25.9,4.5,111,15.5,75,433,1235
2022-07-05,32.0,27.0,10.3,101,0.2,70,571,1520
2022-07-06,30.8,28.6,13.2,103,4.0,75,691,1525
2022-07-07,31.5,27.4,12.4,90,0.5,70,657,1570
2022-07-08,32.6,29.0,11.2,98,0.1,63,625,1510
2022-07-09,31.0,28.6,12.4,105,1.2,69,538,1330
2022-07-10,29.5,27.2,7.3,80,7.5,77,455,1240
2022-07-11,31.2,26.9,5.0,24,0.1,71,489,1465
2022-07-12,31.2,28.3,7.1,86,2.7,71,386,900
2022-07-13,30.9,27.8,8.4,79,0.2,74,625,1680
2022-07-14,29.9,28.1,11.3,66,10.6,77,742,1880
2022-07-15,31.4,28.9,15.6,86,2.6,68,972,2015
2022-07-16,29.6,27.9,9.3,103,20.5,75,615,1245
2022-07-17,29.6,25.7,9.2,91,10.3,80,510,1100
2022-07-18,30.9,25.9,6.0,56,3.2,76,460,1385
2022-07-19,31.0,27.4,7.2,85,1.7,75,445,1225
2022-07-20,28.9,26.6,9.9,266,26.9,83,357,815
2022-07-21,27.8,24.6,4.6,110,16.5,84,339,740
2022-07-22,27.8,25.1,6.9,77,5.0,86,323,830
2022-07-23,27.7,25.0,13.5,97,15.4,85,506,890
2022-07-24,28.9,25.7,15.1,109,7.8,81,702,1520
2022-07-25,28.7,25.8,15.7,111,9.9,79,760,1065
2022-07-26,28.2,25.3,14.4,111,2.8,79,691,1125
2022-07-27,28.3,25.3,12.8,119,4.9,81,513,950
2022-07-28,27.6,25.0,5.7,179,21.8,86,309,705
2022-07-29,27.3,24.7,6.9,261,16.9,87,339,915
2022-07-30,27.7,25.4,5.6,251,4.9,86,267,805
2022-07-31,28.4,25.5,6.8,229,1.0,81,389,1045
2022-08-01,27.8,25.2,6.6,268,10.0,84,465,1150
2022-08-02,29.3,25.8,9.4,286,0.3,78,519,1270
2022-08-03,29.1,26.5,7.5,265,0.6,80,309,900
2022-08-04,28.1,26.4,8.1,105,1.7,85,381,1020
2022-08-05,27.6,24.6,8.3,110,5.7,86,310,805
2022-08-06,28.7,25.6,3.9,140,1.9,83,350,1100
2022-08-07,27.7,25.2,7.7,111,18.6,85,225,425
2022-08-08,29.0,24.8,5.9,92,0.2,80,383,1155
2022-08-09,30.3,27.4,9.7,87,0.4,77,503,1330
2022-08-10,30.9,27.6,10.6,100,0.4,72,525,1255
2022-08-11,27.8,26.6,17.3,72,3.8,82,762,1290
2022-08-12,29.3,25.2,15.8,89,0.2,72,731,1310
2022-08-13,29.4,26.3,13.4,117,0.8,75,615,1240
2022-08-14,27.9,26.2,7.3,267,5.5,85,334,1025
2022-08-15,27.9,25.6,11.2,71,1.6,82,482,1000
2022-08-16,27.4,25.4,22.3,99,8.4,79,999,1280
2022-08-17,28.3,25.2,16.4,135,0.3,75,651,1040
2022-08-18,29.2,25.5,9.1,230,0.8,73,475,1115
2022-08-19,29.9,26.6,12.8,283,0.5,71,537,1080
2022-08-20,27.8,24.6,6.6,346,6.8,81,427,1165
2022-08-21,29.4,25.6,6.7,302,0.3,76,338,1080
2022-08-22,29.2,25.8,9.9,55,6.5,77,515,1275
2022-08-23,29.3,25.9,22.5,107,1.2,71,1177,1655
2022-08-24,28.3,25.8,13.0,126,0.7,76,598,1125
2022-08-25,29.1,25.1,5.0,171,0.5,73,430,1085
2022-08-26,30.2,26.5,10.9,283,0.5,65,501,1205
2022-08-27,30.6,27.6,16.4,285,1.2,61,674,1510
2022-08-28,31.0,27.5,15.4,269,0.1,55,643,1455
2022-08-29,30.1,27.2,8.2,273,0.6,61,484,1525
2022-08-30,30.5,26.3,5.8,208,0.0,68,391,1485
2022-08-31,31.4,27.7,9.3,271,0.2,61,505,1675
2022-09-01,31.8,27.8,8.8,266,0.5,60,577,1700
2022-09-02,31.9,27.4,6.8,263,0.0,58,538,1640
2022-09-03,32.0,27.5,12.6,279,0.0,52,699,1990
2022-09-04,32.1,27.7,15.3,261,0.0,51,797,2025
2022-09-05,31.4,27.0,9.4,261,0.0,53,599,1855
2022-09-06,31.7,27.1,7.1,292,0.0,52,589,1930
2022-09-07,32.0,27.2,7.4,333,0.0,53,677,1875
2022-09-08,31.8,26.6,6.5,50,0.0,53,654,1805
2022-09-09,31.5,27.7,8.0,110,0.2,63,712,1685
2022-09-10,30.2,24.8,9.4,105,3.1,69,677,1700
2022-09-11,29.7,24.5,10.1,89,3.7,68,764,1835
2022-09-12,30.2,26.9,10.6,88,1.0,64,834,1965
2022-09-13,29.5,25.2,17.4,90,1.6,67,1052,1885
2022-09-14,27.5,25.2,19.3,75,6.1,77,863,1285
2022-09-15,26.1,24.2,14.5,60,9.2,86,532,785
2022-09-16,26.2,23.4,9.9,358,13.4,84,254,405
2022-09-17,27.4,23.6,9.6,271,0.8,78,432,1280
2022-09-18,28.0,23.3,6.9,18,0.4,79,439,1410
2022-09-19,28.5,24.7,6.7,356,0.0,75,348,1310
2022-09-20,27.2,23.9,5.3,88,2.4,84,272,1010
2022-09-21,27.4,24.5,5.5,60,1.7,84,308,1045
2022-09-22,25.0,23.6,10.7,45,33.9,92,371,650
2022-09-23,24.7,23.5,12.3,79,48.2,94,490,805
2022-09-24,24.6,23.4,15.9,106,41.5,94,547,835
2022-09-25,26.3,23.6,10.0,231,0.9,84,462,1265
2022-09-26,26.7,22.6,7.6,314,0.1,83,434,1210
2022-09-27,26.6,22.6,8.0,301,0.0,79,375,1350
2022-09-28,27.2,22.9,6.9,306,0.2,76,392,1610
2022-09-29,27.1,22.8,8.3,307,0.0,76,419,1355
2022-09-30,27.3,23.0,7.9,316,0.0,76,417,1385
2022-10-01,28.0,23.2,7.7,318,0.0,72,426,1595
2022-10-02,28.0,22.8,8.6,296,0.0,66,454,1675
2022-10-03,27.7,23.1,14.6,305,0.0,61,540,1675
2022-10-04,27.7,23.1,9.8,344,0.0,67,391,1270
2022-10-05,27.1,22.9,7.3,87,0.1,77,416,1245
2022-10-06,26.4,23.1,10.2,90,0.0,75,634,1305
2022-10-07,24.5,23.0,12.0,79,1.1,82,459,685
2022-10-08,22.5,21.5,13.8,84,37.2,95,409,510
2022-10-09,22.6,21.0,11.9,62,47.1,93,383,590
2022-10-10,23.4,21.3,8.8,74,1.6,88,315,705
2022-10-11,23.4,20.9,6.0,200,2.7,87,290,680
2022-10-12,23.8,20.0,6.7,323,0.0,83,300,1020
2022-10-13,23.8,19.0,9.0,304,0.0,72,388,1315
2022-10-14,23.7,19.0,9.2,304,0.0,68,395,1390
2022-10-15,23.9,18.7,7.8,293,0.0,69,384,1345
2022-10-16,24.1,18.2,6.1,301,0.0,69,333,1335
2022-10-17,24.2,18.3,7.9,265,0.0,63,331,1460
2022-10-18,24.3,18.3,7.4,242,0.0,60,229,1085
2022-10-19,23.7,18.7,7.4,200,0.0,66,271,1200
2022-10-20,23.5,18.6,6.3,174,1.1,64,232,930
2022-10-21,24.0,17.2,5.6,246,0.0,65,212,920
2022-10-22,22.8,18.1,8.6,302,0.0,67,297,1200
2022-10-23,22.0,16.0,6.9,305,0.0,63,324,1315
2022-10-24,22.2,16.6,9.8,309,0.0,61,272,1030
2022-10-25,22.1,16.2,11.7,293,0.0,56,337,1250
2022-10-26,23.1,16.9,6.4,269,0.0,62,273,1165
2022-10-27,24.0,16.9,5.2,272,0.0,61,272,1355
2022-10-28,23.2,17.0,5.7,303,0.0,65,282,1345
2022-10-29,23.4,17.3,4.8,284,0.0,63,362,1475
2022-10-30,23.0,16.7,7.3,282,0.0,63,344,1405
2022-10-31,23.2,16.2,5.5,252,0.0,63,309,1340
2022-11-01,23.4,17.3,7.2,177,0.0,68,277,1155
2022-11-02,23.1,17.7,9.0,299,0.0,70,266,1125
2022-11-03,23.4,18.0,10.2,291,0.0,66,305,1130
2022-11-04,24.8,20.7,4.7,78,0.0,65,268,1135
2022-11-05,23.9,19.5,9.4,116,0.0,77,340,1045
2022-11-06,23.4,19.0,7.5,148,0.0,78,304,1055
2022-11-07,23.4,18.3,6.2,16,0.6,72,202,1020
2022-11-08,21.8,17.7,6.5,297,6.9,75,216,860
2022-11-09,22.1,16.4,3.9,303,0.1,70,277,1475
2022-11-10,21.1,17.2,7.4,319,0.0,74,336,1365
2022-11-11,20.1,15.5,11.6,293,0.0,64,390,1435
2022-11-12,20.0,15.4,13.3,294,0.0,59,439,1520
2022-11-13,19.9,14.8,10.7,284,0.0,63,355,1375
2022-11-14,20.9,15.1,8.1,117,0.0,62,325,1465
2022-11-15,20.3,15.3,6.8,338,0.0,66,273,1110
2022-11-16,19.4,15.8,10.4,310,0.0,60,462,1735
2022-11-17,18.1,13.4,12.5,291,0.0,61,498,1615
2022-11-18,17.3,12.2,9.6,301,0.0,57,349,1430
2022-11-19,17.7,11.6,7.4,315,0.0,59,279,1175
2022-11-20,17.5,11.6,9.2,300,0.0,62,253,930
2022-11-21,18.0,12.4,11.8,294,0.0,58,258,870
2022-11-22,17.9,12.6,10.8,289,0.0,55,296,1050
2022-11-23,17.6,11.7,12.1,284,0.0,50,301,1200
2022-11-24,17.2,12.1,11.2,280,0.0,54,242,880
2022-11-25,17.3,11.1,7.6,306,0.0,57,232,1060
2022-11-26,17.2,11.6,10.5,291,0.0,57,259,855
2022-11-27,16.9,11.1,7.6,283,0.0,65,211,865
2022-11-28,17.4,10.0,5.2,289,0.0,63,241,1090
2022-11-29,16.8,10.3,7.1,279,0.0,68,243,1035
2022-11-30,16.8,11.5,7.2,284,0.0,71,234,980
2022-12-01,16.5,11.1,8.1,278,0.0,74,241,920
2022-12-02,16.7,11.0,5.5,264,0.0,74,248,1135
2022-12-03,17.1,11.0,4.9,255,0.0,73,271,1180
2022-12-04,16.5,11.3,8.3,279,0.0,74,253,1030
2022-12-05,15.5,10.4,6.8,283,0.0,74,261,1040
2022-12-06,16.0,11.0,13.3,287,0.0,69,316,955
2022-12-07,16.3,11.3,15.5,286,0.0,68,369,985
2022-12-08,16.0,10.9,11.3,298,0.0,73,253,820
2022-12-09,16.3,10.7,8.0,285,0.0,76,180,675
2022-12-10,16.9,10.5,8.7,308,0.0,71,178,750
2022-12-11,17.3,11.5,9.8,301,0.0,69,193,680
2022-12-12,16.9,11.5,11.2,298,0.0,62,241,810
2022-12-13,16.8,11.3,15.2,297,0.0,53,340,890
2022-12-14,15.7,11.2,14.7,292,0.0,55,369,1035
2022-12-15,14.6,9.0,12.7,283,0.0,57,296,935
2022-12-16,14.0,8.6,10.2,269,0.0,66,232,815
2022-12-17,14.1,8.3,8.0,268,0.0,69,200,775
2022-12-18,14.3,8.3,7.0,291,0.0,76,200,825
2022-12-19,14.1,8.9,7.9,297,0.0,79,203,810
2022-12-20,13.6,8.6,7.9,290,0.0,77,210,755
2022-12-21,13.0,7.6,8.2,333,0.0,79,165,550
2022-12-22,12.9,8.5,8.1,326,0.0,79,164,535
2022-12-23,12.2,7.7,7.2,351,0.0,82,167,635
2022-12-24,12.4,8.5,10.9,313,0.0,75,287,840
2022-12-25,10.9,6.5,11.3,293,0.0,81,257,715
2022-12-26,11.1,6.3,8.6,303,0.0,83,180,590
2022-12-27,11.9,7.1,13.6,291,0.0,79,274,685
2022-12-28,13.1,7.8,15.9,282,0.0,72,347,810
2022-12-29,14.1,9.4,8.4,283,0.0,74,180,535
2022-12-30,14.9,11.1,8.5,133,0.0,75,240,860
2022-12-31,13.1,9.6,12.6,289,0.0,82,310,925
2023-01-01,12.5,7.9,6.0,275,0.0,79,300,1160
2023-01-02,12.2,6.3,5.0,317,0.0,78,314,1110
2023-01-03,10.6,6.0,6.6,316,0.0,85,293,1145
2023-01-04,9.7,5.4,8.5,314,0.0,87,240,870
2023-01-05,8.9,5.4,8.1,302,0.0,89,153,500
2023-01-06,8.3,4.8,6.7,310,0.0,87,135,450
2023-01-07,8.2,3.8,9.1,297,0.0,87,157,465
2023-01-08,10.1,5.7,9.7,297,0.0,88,162,480
2023-01-09,11.1,5.7,5.4,299,0.0,88,116,465
2023-01-10,11.5,7.5,8.9,293,0.0,89,177,585
2023-01-11,12.1,7.6,7.4,340,0.0,86,172,420
2023-01-12,14.5,9.8,12.8,123,0.1,81,329,720
2023-01-13,13.9,10.6,9.6,91,18.2,87,231,935
2023-01-14,12.1,8.0,13.4,298,0.0,76,378,1100
2023-01-15,9.4,5.5,12.6,293,0.0,66,364,1065
2023-01-16,9.0,3.7,9.4,302,0.0,64,300,1035
2023-01-17,9.0,3.6,10.2,296,0.0,64,278,975
2023-01-18,9.2,3.2,8.6,293,0.0,65,252,910
2023-01-19,12.2,6.4,7.2,329,0.3,64,215,805
2023-01-20,14.0,9.7,10.5,355,0.0,70,409,1380
2023-01-21,13.2,7.0,5.5,324,0.0,79,255,1005
2023-01-22,14.1,8.1,8.5,13,0.0,71,255,1240
2023-01-23,15.5,8.4,6.5,32,0.0,64,247,1205
2023-01-24,16.9,13.1,12.0,136,11.3,82,356,960
2023-01-25,16.4,11.9,6.1,312,1.0,83,280,855
2023-01-26,14.3,9.9,12.7,309,0.0,77,393,1055
2023-01-27,12.1,7.5,14.6,296,0.0,68,325,755
2023-01-28,12.5,6.5,11.5,286,0.0,69,215,585
2023-01-29,12.8,8.3,9.3,117,4.2,84,140,355
2023-01-30,13.2,10.4,8.5,103,10.2,87,244,645
2023-01-31,14.1,9.7,14.4,297,0.0,84,405,1005
2023-02-01,13.7,9.4,16.3,291,0.0,75,372,770
2023-02-02,14.7,9.4,15.8,293,0.0,65,302,670
2023-02-03,15.0,9.6,11.9,286,0.0,69,245,770
2023-02-04,15.9,10.3,13.5,282,0.0,66,282,835
2023-02-05,17.0,11.0,9.7,278,0.0,63,306,1125
2023-02-06,17.6,10.4,7.8,158,0.0,70,229,1080
2023-02-07,17.1,13.1,12.7,293,0.0,70,362,1570
2023-02-08,15.7,10.2,11.2,290,0.0,55,286,910
2023-02-09,17.3,10.0,9.9,205,0.0,63,267,1110
2023-02-10,18.6,12.9,9.7,142,0.0,72,294,1040
2023-02-11,18.9,13.3,8.9,309,0.0,63,413,2100
2023-02-12,15.8,10.6,15.1,306,0.0,47,708,2315
2023-02-13,15.0,9.8,22.1,292,0.0,35,598,985
2023-02-14,16.8,11.0,14.5,298,0.0,44,346,770
2023-02-15,18.3,12.8,15.0,291,0.0,55,350,860
2023-02-16,18.3,11.5,7.8,311,0.0,71,211,770
2023-02-17,19.6,13.3,5.9,352,0.0,77,271,1000
2023-02-18,19.0,12.5,7.3,298,0.0,78,225,855
2023-02-19,21.0,14.8,5.6,29,0.0,70,253,1115
2023-02-20,22.3,15.3,7.2,150,0.0,65,269,1065
2023-02-21,21.9,15.1,9.3,264,0.0,58,307,1215
2023-02-22,20.5,13.5,8.1,324,0.0,63,464,1965
2023-02-23,20.0,14.0,12.2,294,0.0,53,385,1475
2023-02-24,19.8,13.0,10.6,286,0.0,51,286,1165
2023-02-25,21.0,13.4,7.4,292,0.0,54,333,1470
2023-02-26,22.3,14.4,7.3,285,0.0,51,375,1880
2023-02-27,22.2,15.6,8.8,323,0.0,53,448,2130
2023-02-28,21.6,14.3,8.0,343,0.0,49,363,1720
2023-03-01,21.8,15.7,10.1,19,0.0,50,331,1290
2023-03-02,22.1,15.2,9.8,312,0.0,55,355,1395
2023-03-03,22.6,16.8,11.4,297,0.0,56,466,2110
2023-03-04,22.4,17.5,11.5,312,0.0,54,354,825
2023-03-05,22.4,16.3,12.5,303,0.0,53,493,2005
2023-03-06,21.7,15.9,11.4,302,0.0,50,570,2060
2023-03-07,21.8,15.8,8.7,278,0.0,48,525,2115
2023-03-08,21.3,14.8,8.3,278,0.2,54,474,2320
2023-03-09,21.0,15.9,8.9,255,0.5,62,527,2390
2023-03-10,22.3,15.5,9.3,283,0.0,58,610,2155
2023-03-11,23.2,16.2,8.1,286,0.0,51,595,2230
2023-03-12,24.3,17.1,7.7,307,0.0,49,538,2130
2023-03-13,24.3,17.5,8.4,316,0.0,49,485,2665
2023-03-14,24.2,17.2,10.0,293,0.0,49,635,2715
2023-03-15,24.8,17.2,7.1,326,0.0,43,657,3165
2023-03-16,24.5,19.0,10.4,171,0.1,42,499,2895
2023-03-17,22.9,19.5,6.5,118,1.7,55,356,1575
2023-03-18,20.4,16.7,8.0,62,0.3,75,427,1385
2023-03-19,19.8,15.2,6.6,113,0.7,83,366,1085
2023-03-20,18.7,16.1,7.2,83,24.3,87,305,1105
2023-03-21,18.3,14.6,7.1,56,3.2,84,427,1050
2023-03-22,19.5,14.0,5.9,281,0.0,75,387,1525
2023-03-23,21.5,15.5,9.1,294,0.0,65,493,1875
2023-03-24,21.6,17.3,9.0,125,15.8,69,325,850
2023-03-25,21.2,17.4,9.6,92,1.1,78,410,1635
2023-03-26,21.8,16.5,9.7,340,0.0,62,583,2055
2023-03-27,20.8,15.5,10.6,294,0.0,62,528,1790
2023-03-28,21.8,15.2,9.6,309,0.0,61,569,2180
2023-03-29,23.3,16.7,8.1,77,0.2,55,578,3270
2023-03-30,21.8,17.5,9.6,348,5.7,70,359,1395
2023-03-31,19.6,17.0,5.8,109,9.4,83,480,1320
2023-04-01,20.1,15.1,5.4,61,0.9,79,477,1560
2023-04-02,22.2,15.9,8.5,308,0.0,69,459,1775
2023-04-03,23.3,16.4,8.2,22,0.0,61,520,2265
2023-04-04,22.2,17.2,9.8,328,0.2,61,521,1640
2023-04-05,22.9,16.3,10.2,311,0.0,50,502,2200
2023-04-06,23.9,16.7,12.0,322,0.0,41,620,2460
2023-04-07,24.3,17.4,11.9,306,0.0,37,512,1705
2023-04-08,24.4,17.1,10.9,287,0.0,34,498,1920
2023-04-09,26.2,18.0,9.5,305,0.0,30,780,2880
2023-04-10,26.4,19.7,8.7,299,0.0,29,744,2485
2023-04-11,27.7,19.4,13.4,297,0.0,28,801,2955
2023-04-12,29.4,23.1,15.9,283,0.0,27,1102,3460
2023-04-13,29.5,22.2,12.1,289,0.0,28,805,2975
2023-04-14,29.5,21.8,10.0,287,0.0,27,900,3165
2023-04-15,30.9,22.0,8.2,260,0.0,23,1106,4325
2023-04-16,31.3,22.7,10.2,261,0.0,25,961,4100
2023-04-17,32.5,24.4,9.4,288,0.0,25,959,3785
2023-04-18,32.6,25.5,12.9,275,0.0,23,1055,3945
2023-04-19,29.8,25.1,11.0,325,0.0,35,1034,3755
2023-04-20,28.1,23.3,8.3,251,0.0,44,895,3480
2023-04-21,28.8,22.4,10.2,60,0.0,34,1270,4165
2023-04-22,28.6,20.8,9.7,17,0.0,26,1202,4130
2023-04-23,26.9,20.9,11.8,20,0.0,27,1154,3570
2023-04-24,26.1,20.0,10.3,116,0.0,35,891,2940
2023-04-25,27.1,20.6,10.7,109,0.0,37,905,2885
2023-04-26,28.9,22.1,8.2,120,0.0,32,1080,3400
2023-04-27,29.1,23.6,9.6,149,0.0,30,1301,4035
2023-04-28,27.9,22.4,6.4,157,0.0,36,510,2260
2023-04-29,26.5,21.8,7.8,279,0.6,49,558,2580
2023-04-30,24.6,21.2,7.4,23,1.4,61,636,2240
2023-05-01,22.1,19.8,8.2,83,5.4,80,496,1060
2023-05-02,22.5,19.3,10.6,98,5.4,81,564,1045
2023-05-03,22.4,19.9,7.0,82,6.8,81,415,1230
2023-05-04,24.2,18.7,4.8,80,0.0,73,550,1640
2023-05-05,25.9,20.6,8.0,250,5.4,59,797,2375
2023-05-06,27.4,20.7,8.6,288,0.0,48,705,3130
2023-05-07,28.9,22.0,10.3,192,0.0,39,964,3750
2023-05-08,29.2,21.9,12.7,125,0.0,40,712,3290
2023-05-09,29.5,21.4,11.8,330,0.0,34,721,3095
2023-05-10,29.7,21.9,13.9,299,0.0,22,838,2860
2023-05-11,31.0,22.1,8.4,281,0.0,22,829,3115
2023-05-12,33.3,23.1,10.1,252,0.0,22,924,4525
2023-05-13,33.3,25.1,10.2,104,0.0,25,760,4170
2023-05-14,32.5,26.5,11.6,25,0.0,28,795,3400
2023-05-15,33.4,25.2,8.7,289,0.0,25,991,4150
2023-05-16,32.4,26.8,13.9,273,0.0,28,945,3415
2023-05-17,33.2,26.0,13.7,255,0.0,26,1155,4190
2023-05-18,31.0,23.9,12.3,321,0.0,38,760,2105
2023-05-19,31.6,25.9,14.3,296,0.0,35,1001,3160
2023-05-20,32.8,24.8,12.6,286,0.0,28,1112,3750
2023-05-21,34.8,25.4,10.3,292,0.0,22,792,4015
2023-05-22,36.1,29.8,18.3,275,0.0,20,934,3180
2023-05-23,35.3,30.0,18.7,273,1.0,28,1105,3775
2023-05-24,30.8,26.3,10.2,252,0.2,47,929,2255
2023-05-25,28.2,23.4,7.9,266,0.2,58,730,3000
2023-05-26,28.5,22.7,5.1,124,0.0,55,668,1955
2023-05-27,27.1,21.0,13.0,89,19.2,64,692,2310
2023-05-28,27.4,24.0,7.2,122,0.3,66,705,1925
2023-05-29,27.1,22.5,7.7,86,1.2,70,418,1910
2023-05-30,27.3,22.7,8.0,346,0.1,65,748,2185
2023-05-31,24.9,21.6,10.3,272,2.9,74,670,1710
2023-06-01,26.4,19.9,7.6,327,0.4,65,604,1815
2023-06-02,27.5,22.0,9.6,327,1.3,57,734,2175
2023-06-03,29.2,22.7,7.8,318,0.0,52,743,2220
2023-06-04,29.3,23.9,10.1,283,1.6,58,507,1995
2023-06-05,30.4,25.1,13.1,291,0.1,52,942,2825
2023-06-06,31.4,24.1,8.9,292,0.0,43,898,3045
2023-06-07,32.1,25.0,11.1,301,0.0,37,888,2820
2023-06-08,32.7,25.1,11.1,317,0.0,35,1089,3330
2023-06-09,34.2,26.0,14.8,276,0.0,34,1231,3410
2023-06-10,34.4,26.5,13.5,274,0.0,38,1189,3075
2023-06-11,33.8,28.2,15.1,286,0.0,45,1016,2810
2023-06-12,34.9,29.0,16.3,290,0.0,44,1189,2955
2023-06-13,36.2,30.2,21.0,284,0.0,35,1355,3465
2023-06-14,35.6,30.7,21.2,285,0.0,36,1380,2950
2023-06-15,33.2,30.3,17.4,288,0.4,47,901,2150
2023-06-16,32.2,27.4,13.9,277,1.2,51,783,2520
2023-06-17,32.9,26.3,10.6,243,0.3,54,774,2230
2023-06-18,32.1,28.4,9.0,157,4.0,60,740,1750
2023-06-19,29.6,27.4,9.0,34,6.6,71,597,1445
2023-06-20,30.6,26.1,9.2,38,16.6,67,612,1720
2023-06-21,29.3,25.7,7.2,220,20.3,77,525,1550
2023-06-22,31.4,27.1,7.8,192,2.7,72,472,1065
2023-06-23,30.8,26.1,8.4,139,6.1,76,468,1450
2023-06-24,30.9,27.7,7.4,91,10.7,75,507,1155
2023-06-25,28.0,25.8,6.3,81,13.6,86,296,585
2023-06-26,28.0,25.1,4.9,88,5.8,84,305,865
2023-06-27,28.7,25.2,7.0,97,8.1,82,433,1345
2023-06-28,29.1,26.0,8.4,100,12.2,81,450,915
2023-06-29,28.5,25.8,9.6,79,11.7,83,237,470
2023-06-30,28.8,25.3,8.4,71,12.7,81,452,1340
2023-07-01,29.1,24.6,10.1,64,1.9,78,434,1210
2023-07-02,30.5,25.9,7.1,39,0.9,73,509,1415
2023-07-03,31.1,27.1,8.6,111,4.5,72,559,1675
2023-07-04,30.7,26.1,9.6,117,2.5,74,483,1155
2023-07-05,29.1,24.4,10.8,83,13.0,81,504,965
2023-07-06,29.0,25.3,10.2,99,4.8,77,434,655
2023-07-07,28.5,24.9,8.2,99,10.0,83,399,945
2023-07-08,27.2,26.1,11.2,110,34.4,91,427,620
2023-07-09,27.0,25.1,11.4,115,29.7,91,383,490
2023-07-10,27.6,25.8,6.4,93,34.1,90,350,870
2023-07-11,28.5,25.2,6.6,49,2.9,84,305,850
2023-07-12,28.5,25.7,8.2,92,9.6,86,387,980
2023-07-13,29.1,26.0,8.9,103,5.2,82,406,985
2023-07-14,28.5,25.7,6.1,152,21.1,83,301,570
2023-07-15,28.6,26.0,6.0,179,17.7,86,325,900
2023-07-16,28.6,25.2,5.5,101,21.9,85,323,950
2023-07-17,29.0,26.3,4.7,172,11.8,85,315,865
2023-07-18,28.2,25.4,9.6,119,13.4,86,416,910
2023-07-19,28.9,26.3,9.0,121,9.3,86,506,1195
2023-07-20,29.8,26.9,6.0,30,23.7,81,458,1355
2023-07-21,30.9,26.5,8.8,114,4.2,76,509,1455
2023-07-22,30.7,27.2,13.5,91,6.0,76,620,900
2023-07-23,30.9,28.3,14.6,97,0.6,73,776,1510
2023-07-24,29.9,27.4,11.3,94,7.8,80,524,955
2023-07-25,29.3,25.6,9.1,128,11.8,82,365,665
2023-07-26,27.0,25.6,7.8,112,18.3,91,315,645
2023-07-27,28.5,26.3,5.0,128,11.0,88,250,930
2023-07-28,28.2,26.3,5.7,258,27.0,87,297,885
2023-07-29,27.8,24.7,7.0,242,11.2,84,323,865
2023-07-30,29.0,25.0,9.5,284,2.3,80,470,1175
2023-07-31,29.6,25.1,12.0,280,0.8,78,537,1490
2023-08-01,30.3,26.9,14.7,272,0.2,75,584,1240
2023-08-02,30.2,27.3,12.3,284,1.4,78,462,1095
2023-08-03,29.4,26.5,12.4,286,9.6,82,516,1185
2023-08-04,28.4,26.0,4.9,15,11.5,88,352,1000
2023-08-05,29.4,26.3,6.7,268,4.8,83,334,965
2023-08-06,30.0,26.0,13.0,272,1.9,74,605,1295
2023-08-07,30.0,27.2,16.2,266,0.1,68,746,1390
2023-08-08,30.3,26.9,17.8,264,0.0,67,691,1115
2023-08-09,30.7,27.4,14.3,268,0.0,65,580,965
2023-08-10,29.9,27.3,11.8,255,1.7,70,428,940
2023-08-11,30.6,27.2,10.8,263,1.6,67,533,1565
2023-08-12,31.3,28.2,16.1,258,0.0,56,664,1730
2023-08-13,31.0,27.6,14.7,245,0.7,61,625,1040
2023-08-14,29.7,26.8,9.6,161,0.0,67,480,1275
2023-08-15,29.8,25.8,5.6,23,0.1,74,408,1275
2023-08-16,30.9,25.6,9.4,285,0.1,67,407,1435
2023-08-17,31.9,27.8,12.8,279,0.0,58,558,1420
2023-08-18,31.7,28.3,10.0,300,0.1,60,502,1600
2023-08-19,30.3,26.2,7.9,105,7.4,75,447,1235
2023-08-20,31.8,27.8,10.4,106,0.1,69,540,1305
2023-08-21,32.0,28.0,7.1,124,0.8,70,490,1400
2023-08-22,30.4,27.4,8.3,153,12.6,79,464,1405
2023-08-23,27.7,25.6,7.9,176,15.5,90,369,620
2023-08-24,29.0,24.8,11.4,260,0.0,73,456,945
2023-08-25,30.0,25.7,13.4,263,0.0,63,663,1455
2023-08-26,30.4,27.3,13.3,268,0.0,60,596,1320
2023-08-27,30.4,27.1,16.7,267,0.1,56,721,1830
2023-08-28,29.4,26.3,14.3,263,2.2,63,723,1850
2023-08-29,30.4,25.8,11.9,280,0.0,59,630,1810
2023-08-30,30.9,26.6,11.4,286,0.0,57,510,1620
2023-08-31,31.1,25.7,8.8,295,0.0,59,524,1765
2023-09-01,31.9,26.7,10.7,285,0.0,54,669,2145
2023-09-02,31.8,27.3,13.8,285,0.0,51,693,2275
2023-09-03,31.3,26.3,13.3,286,0.0,53,554,1885
2023-09-04,31.3,25.6,12.0,306,0.0,52,541,1665
2023-09-05,30.7,26.5,8.0,63,6.1,67,443,1215
2023-09-06,30.9,24.3,6.6,111,1.7,64,340,1530
2023-09-07,31.9,27.0,5.7,167,0.0,60,459,1910
2023-09-08,30.3,25.5,9.6,111,1.3,68,498,1315
2023-09-09,27.8,25.4,13.8,73,2.5,80,587,980
2023-09-10,26.1,24.2,12.6,64,35.3,89,386,610
2023-09-11,27.5,23.9,10.0,70,1.0,81,397,1020
2023-09-12,28.7,24.4,5.4,105,0.0,79,313,1070
2023-09-13,29.7,26.4,5.8,123,7.4,79,372,1205
2023-09-14,29.2,26.7,9.0,99,5.5,82,423,1420
2023-09-15,28.1,25.5,7.4,52,5.7,87,241,590
2023-09-16,28.3,26.4,13.7,79,7.8,84,546,1060
2023-09-17,27.1,25.2,16.6,90,6.5,87,705,1335
2023-09-18,27.9,24.7,14.8,125,2.1,79,615,1245
2023-09-19,28.6,24.6,8.7,126,0.2,77,405,1240
2023-09-20,29.4,25.5,5.1,37,0.9,76,453,1665
2023-09-21,28.9,26.0,6.8,244,2.6,81,393,1640
2023-09-22,29.4,25.3,6.6,36,0.3,78,327,1315
2023-09-23,28.6,25.6,6.3,105,1.4,82,274,865
2023-09-24,27.9,25.3,7.6,306,0.9,80,370,1370
2023-09-25,28.6,24.6,5.6,13,0.2,76,392,1545
2023-09-26,28.8,24.9,6.1,7,0.2,73,387,1335
2023-09-27,27.8,23.3,8.7,321,0.0,65,459,1710
2023-09-28,26.6,20.6,8.4,320,0.0,62,375,1455
2023-09-29,26.8,20.4,7.1,316,0.0,61,407,1465
2023-09-30,27.9,22.8,10.7,332,0.0,57,451,1710
2023-10-01,27.4,21.3,10.6,332,0.0,54,429,1755
2023-10-02,26.7,20.2,11.7,334,0.0,43,446,2195
2023-10-03,26.4,20.0,12.4,305,0.0,40,537,1950
2023-10-04,26.3,18.9,12.3,314,0.0,53,508,1810
2023-10-05,26.4,19.9,11.2,302,0.0,52,402,1860
2023-10-06,27.3,19.9,8.6,290,0.0,51,355,1725
2023-10-07,28.3,21.6,8.8,300,0.0,60,422,1730
2023-10-08,29.7,24.1,9.2,281,0.0,58,506,1950
2023-10-09,29.3,24.6,9.8,262,0.0,54,640,2515
2023-10-10,28.4,24.4,9.8,291,2.5,55,531,2155
2023-10-11,26.5,21.2,10.5,306,0.0,57,574,2310
2023-10-12,25.8,18.9,9.0,309,0.0,54,462,1905
2023-10-13,27.5,20.3,7.8,313,0.0,55,609,2530
2023-10-14,28.2,21.6,8.0,317,0.0,52,646,2790
2023-10-15,27.3,22.3,7.0,329,0.1,55,518,2160
2023-10-16,24.3,19.8,11.8,81,9.9,65,379,945
2023-10-17,22.3,18.2,7.0,63,3.3,72,280,895
2023-10-18,22.6,17.1,10.6,309,0.0,65,453,1460
2023-10-19,21.9,17.0,9.2,302,0.0,63,433,1520
2023-10-20,22.4,17.0,7.4,316,0.0,65,401,1405
2023-10-21,22.8,16.7,7.0,321,0.0,63,449,1620
2023-10-22,23.3,17.1,6.4,5,0.0,61,435,1795
2023-10-23,23.2,17.6,8.5,318,0.0,64,438,1540
2023-10-24,23.4,17.7,7.9,307,0.0,60,459,1875
2023-10-25,23.2,17.1,8.8,306,0.0,59,464,1730
2023-10-26,22.9,16.9,9.0,294,0.0,58,426,1705
2023-10-27,22.9,16.6,8.3,296,0.0,51,399,1715
2023-10-28,24.4,18.6,5.1,323,0.0,48,340,1520
2023-10-29,24.0,17.8,5.7,85,0.0,56,336,1685
2023-10-30,23.9,17.6,7.1,69,0.0,67,447,1980
2023-10-31,24.1,18.5,6.5,88,0.0,69,401,1815
2023-11-01,24.0,18.8,6.8,39,0.0,66,432,1715
2023-11-02,24.1,19.0,7.4,328,0.0,66,469,1845
2023-11-03,22.5,17.8,8.1,296,1.1,70,409,1535
2023-11-04,22.5,15.9,7.8,316,0.0,66,457,2005
2023-11-05,22.7,16.8,7.4,322,0.0,62,426,2210
2023-11-06,22.2,15.2,6.0,26,0.0,60,365,1970
2023-11-07,22.5,16.3,7.5,6,0.0,64,320,1715
2023-11-08,22.7,16.8,6.9,309,0.0,65,375,2080
2023-11-09,22.7,16.9,7.3,294,0.0,65,441,2275
2023-11-10,20.5,16.1,9.2,67,2.9,76,326,1340
2023-11-11,19.2,14.9,8.2,321,0.0,76,462,1790
2023-11-12,18.8,13.9,8.1,294,0.0,74,346,1140
2023-11-13,19.0,13.2,6.4,319,0.0,73,315,1295
2023-11-14,18.9,14.1,7.7,315,0.0,71,308,1180
2023-11-15,18.5,13.1,7.7,289,0.0,72,301,1205
2023-11-16,19.7,13.0,5.8,346,0.0,69,381,1530
2023-11-17,20.4,14.3,6.0,55,0.0,71,480,1900
2023-11-18,19.9,14.6,5.7,199,0.0,70,439,1680
2023-11-19,20.1,13.9,5.5,142,0.0,66,436,1485
2023-11-20,19.6,13.4,6.7,302,0.0,65,384,1505
2023-11-21,18.8,13.5,10.3,287,0.0,70,399,1365
2023-11-22,18.1,13.1,11.2,283,0.0,65,299,975
2023-11-23,18.0,11.3,4.9,195,0.0,68,276,1215
2023-11-24,18.5,13.4,6.0,324,0.0,69,275,1155
2023-11-25,18.5,12.4,6.0,285,0.0,68,252,1080
2023-11-26,19.2,14.2,7.8,108,0.0,68,279,1215
2023-11-27,18.5,15.7,10.3,134,4.0,75,319,1365
2023-11-28,17.4,15.1,5.9,78,3.2,88,249,955
2023-11-29,18.5,13.4,6.3,85,0.4,80,304,1360
2023-11-30,17.8,14.1,7.6,33,1.0,84,317,1440
2023-12-01,18.4,13.8,6.3,348,0.1,81,276,1165
2023-12-02,18.0,13.2,7.1,338,0.0,79,318,1285
2023-12-03,18.0,12.2,6.8,351,0.1,74,250,1135
2023-12-04,17.8,13.7,7.9,335,0.0,73,279,1225
2023-12-05,16.5,11.5,8.4,324,0.0,73,324,1370
2023-12-06,16.4,11.7,7.0,287,0.0,76,239,1080
2023-12-07,16.7,11.6,8.0,294,0.0,77,229,1020
2023-12-08,16.5,11.4,8.6,292,0.0,74,307,1360
2023-12-09,15.9,10.7,9.7,290,0.0,70,263,1105
2023-12-10,15.5,10.8,11.7,285,0.0,68,322,1005
2023-12-11,15.2,9.1,6.2,292,0.0,69,270,1270
2023-12-12,15.6,9.3,6.3,102,0.0,70,366,1680
2023-12-13,15.9,10.4,6.9,341,0.0,67,308,1490
2023-12-14,14.7,9.7,10.3,284,0.0,71,250,915
2023-12-15,14.2,7.5,6.9,303,0.0,71,234,1115
2023-12-16,14.5,7.7,7.9,318,0.0,67,292,1410
2023-12-17,15.4,9.5,8.3,330,0.0,64,368,1670
2023-12-18,14.3,9.1,12.7,289,0.0,67,367,1190
2023-12-19,14.2,8.6,13.3,283,0.0,64,304,910
2023-12-20,13.6,7.9,8.8,287,0.0,70,254,855
2023-12-21,13.9,8.1,8.5,302,0.0,74,212,730
2023-12-22,13.9,7.1,5.6,309,0.0,76,202,745
2023-12-23,16.1,11.1,6.3,119,0.3,72,256,890
2023-12-24,15.8,9.7,5.8,331,0.0,76,218,830
2023-12-25,15.5,10.7,8.4,281,0.0,78,199,775
2023-12-26,15.4,9.5,6.4,310,0.0,75,201,885
2023-12-27,14.3,8.5,7.3,314,0.0,80,221,870
2023-12-28,14.0,9.7,7.0,315,0.0,85,160,545
2023-12-29,13.3,8.3,2.9,357,0.0,87,158,645
2023-12-30,12.5,9.0,5.0,326,0.0,90,161,615
2023-12-31,12.7,7.6,4.5,9,0.0,84,210,710
2024-01-01,10.4,5.9,5.5,324,0.0,85,,
2024-01-02,9.1,4.6,5.6,320,0.0,86,,
2024-01-03,9.5,4.8,5.5,343,0.0,89,,
2024-01-04,11.5,5.2,6.1,318,0.0,82,,
2024-01-05,11.7,7.3,5.6,337,0.1,85,,
2024-01-06,11.6,6.3,5.8,332,0.0,82,,
2024-01-07,11.4,6.1,5.0,291,0.0,81,,
2024-01-08,10.9,5.5,6.1,333,0.0,86,,
2024-01-09,10.8,6.2,8.9,316,0.0,86,,
2024-01-10,9.2,4.6,12.9,292,0.0,84,,
2024-01-11,9.3,5.6,10.0,298,0.0,88,,
2024-01-12,10.1,5.6,9.6,290,0.0,86,,
2024-01-13,10.3,5.9,4.6,327,0.0,84,,
2024-01-14,9.7,4.8,6.8,313,0.0,86,,
2024-01-15,9.0,5.0,7.6,310,0.0,85,,
2024-01-16,8.9,3.9,5.5,78,0.0,86,,
2024-01-17,9.9,4.0,8.1,135,0.0,84,,
2024-01-18,11.0,6.0,3.3,159,0.0,86,,
2024-01-19,10.2,6.3,5.2,160,0.0,89,,
2024-01-20,9.6,5.1,6.2,343,0.0,88,,
2024-01-21,9.0,5.2,9.9,294,0.0,89,,
2024-01-22,9.2,5.0,4.5,84,0.0,86,,
2024-01-23,10.4,4.9,5.9,195,0.0,88,,
2024-01-24,11.3,6.4,6.6,324,0.0,84,,
2024-01-25,10.2,5.6,5.7,329,0.0,88,,
2024-01-26,11.4,6.0,5.8,294,0.0,84,,
2024-01-27,12.5,6.9,11.8,289,0.0,77,,
2024-01-28,13.8,7.0,8.1,113,0.0,79,,
2024-01-29,14.5,9.5,8.3,104,0.0,85,,
2024-01-30,13.8,10.0,6.5,320,0.0,89,,
2024-01-31,14.0,9.9,8.2,124,9.0,92,,
2024-02-01,15.4,12.2,13.2,115,30.0,86,,
2024-02-02,13.0,8.5,9.8,316,0.0,84,,
2024-02-03,14.1,8.2,7.9,306,0.0,70,,
2024-02-04,16.0,12.9,8.0,156,7.1,85,,
2024-02-05,15.1,10.3,8.8,329,2.1,83,,
2024-02-06,12.2,7.5,9.8,308,0.0,75,,
2024-02-07,12.5,7.9,13.9,303,0.0,66,,
2024-02-08,13.1,8.2,19.8,289,0.0,64,,
2024-02-09,13.4,8.1,10.7,304,0.0,66,,
2024-02-10,13.1,7.2,7.3,5,0.0,78,,
2024-02-11,14.1,8.1,7.7,321,0.0,75,,
2024-02-12,14.3,7.7,6.7,333,0.0,75,,
2024-02-13,14.9,8.5,6.3,340,0.0,73,,
2024-02-14,15.8,9.6,8.8,307,0.0,74,,
2024-02-15,15.8,9.7,9.5,304,0.0,69,,
2024-02-16,15.7,8.6,8.8,312,0.0,64,,
2024-02-17,16.2,9.7,11.4,289,0.0,61,,
2024-02-18,18.6,10.0,9.8,152,0.0,59,,
2024-02-19,20.3,14.7,20.4,131,0.0,61,,
2024-02-20,20.2,15.3,10.1,117,0.2,66,,
2024-02-21,18.5,12.2,10.0,340,0.0,58,,
2024-02-22,17.4,10.9,10.8,323,0.0,51,,
2024-02-23,15.6,8.5,10.0,319,0.0,48,,
2024-02-24,16.2,9.3,7.1,49,0.0,45,,
2024-02-25,17.3,10.5,8.5,35,0.0,39,,
2024-02-26,17.6,11.1,7.5,357,0.0,46,,
2024-02-27,18.0,14.1,10.3,324,0.9,46,,
2024-02-28,17.3,11.4,13.2,303,0.0,57,,
2024-02-29,18.4,12.0,11.2,297,0.0,56,,
2024-03-01,20.0,13.9,7.4,100,1.7,60,,
2024-03-02,19.8,17.3,21.2,143,6.5,74,,
2024-03-03,17.6,13.4,9.4,299,10.4,70,,
2024-03-04,15.8,11.1,10.2,341,0.0,62,,
2024-03-05,14.7,8.9,11.6,308,0.0,54,,
2024-03-06,15.1,9.2,10.3,300,0.0,56,,
2024-03-07,17.1,10.1,10.0,316,0.0,56,,
2024-03-08,17.9,11.3,11.7,323,0.0,53,,
2024-03-09,17.9,11.8,11.8,301,0.0,50,,
2024-03-10,19.2,12.0,9.0,300,0.0,51,,
2024-03-11,22.3,14.8,7.8,21,0.0,47,,
2024-03-12,21.9,13.9,11.8,336,0.0,47,,
2024-03-13,21.4,13.9,8.4,319,0.2,52,,
2024-03-14,21.6,14.1,10.3,346,0.0,53,,
2024-03-15,20.3,14.3,12.5,300,0.0,43,,
2024-03-16,19.7,12.7,8.6,310,0.0,45,,
2024-03-17,20.5,11.8,9.1,301,0.0,46,,
2024-03-18,20.6,13.0,8.7,298,0.0,48,,
2024-03-19,21.5,13.6,8.7,312,0.0,45,,
2024-03-20,23.2,14.2,8.0,328,0.0,44,,
2024-03-21,22.7,16.9,12.7,115,0.0,55,,
2024-03-22,24.8,17.8,9.4,124,0.0,51,,
2024-03-23,25.7,18.1,11.1,315,0.0,46,,
2024-03-24,24.4,18.6,13.2,345,0.1,45,,
2024-03-25,25.0,16.6,11.9,307,0.0,47,,
2024-03-26,26.0,18.5,9.9,294,0.0,42,,
2024-03-27,28.4,21.6,8.7,337,0.0,41,,
2024-03-28,29.0,21.9,8.9,313,0.0,41,,
2024-03-29,28.2,20.9,8.6,79,0.0,46,,
2024-03-30,28.4,22.8,12.4,14,0.0,39,,
2024-03-31,27.4,20.0,12.1,319,0.0,36,,
2024-04-01,24.9,18.7,13.8,300,0.0,38,,
2024-04-02,25.3,17.1,12.7,313,0.0,33,,
2024-04-03,28.3,21.8,7.7,22,0.0,24,,
2024-04-04,29.2,20.5,10.9,2,0.0,26,,
2024-04-05,28.2,21.2,15.0,306,0.0,24,,
2024-04-06,27.3,19.6,12.1,315,0.0,21,,
2024-04-07,26.9,17.5,11.7,305,0.0,21,,
2024-04-08,28.0,19.0,10.0,307,0.0,20,,
2024-04-09,29.0,19.9,8.2,335,0.0,18,,
2024-04-10,28.9,19.8,8.0,47,0.0,21,,
2024-04-11,30.0,22.2,7.8,84,0.0,21,,
2024-04-12,30.5,21.8,8.0,86,0.0,21,,
2024-04-13,30.8,25.3,11.7,150,1.2,27,,
2024-04-14,27.5,22.8,10.0,5,0.5,45,,
2024-04-15,28.8,22.3,8.5,307,1.3,48,,
2024-04-16,29.8,23.5,15.3,295,0.0,36,,
2024-04-17,29.3,22.2,19.4,300,0.0,27,,
2024-04-18,30.9,23.7,11.2,293,0.0,24,,
2024-04-19,31.7,24.6,11.8,282,0.0,29,,
2024-04-20,30.0,22.3,14.8,304,0.0,28,,
2024-04-21,30.1,23.6,12.1,310,0.0,27,,
2024-04-22,31.1,24.5,13.3,311,0.0,25,,
2024-04-23,30.0,22.6,9.8,306,0.0,26,,
2024-04-24,29.8,21.0,11.8,303,0.0,28,,
2024-04-25,30.0,21.5,11.6,316,0.0,24,,
2024-04-26,32.2,23.4,10.6,248,0.0,23,,
2024-04-27,32.0,26.0,15.5,284,0.0,27,,
2024-04-28,30.6,22.7,9.8,329,0.0,28,,
2024-04-29,30.8,23.6,11.7,323,0.0,26,,
2024-04-30,29.7,23.3,12.8,304,0.0,25,,
2024-05-01,26.9,20.5,16.5,314,0.0,22,,
2024-05-02,27.6,19.3,13.3,308,0.0,26,,
2024-05-03,30.2,20.7,13.6,300,0.0,22,,
2024-05-04,33.0,26.5,11.3,301,0.0,19,,
2024-05-05,33.3,25.0,12.3,306,0.0,20,,
2024-05-06,33.8,26.0,13.5,306,0.0,22,,
2024-05-07,34.0,26.2,9.0,25,0.0,25,,
2024-05-08,32.7,27.0,13.6,111,0.0,39,,
2024-05-09,32.5,26.2,14.0,106,0.0,37,,
2024-05-10,32.1,26.0,11.3,106,1.1,43,,
2024-05-11,31.9,26.0,9.1,3,0.1,42,,
2024-05-12,32.3,27.5,10.3,20,0.1,38,,
2024-05-13,33.0,27.2,8.9,335,0.0,29,,
2024-05-14,32.8,24.6,10.5,316,0.0,21,,
2024-05-15,34.2,25.4,10.1,316,0.0,19,,
2024-05-16,34.5,26.5,9.0,339,0.0,18,,
2024-05-17,36.3,28.1,10.5,303,0.0,18,,
2024-05-18,37.0,27.1,12.5,295,0.0,19,,
2024-05-19,36.7,27.7,12.6,300,0.0,17,,
2024-05-20,36.4,29.1,11.7,304,0.0,19,,
2024-05-21,35.2,29.1,10.0,90,0.0,28,,
2024-05-22,35.2,29.8,14.8,108,0.3,36,,
2024-05-23,35.7,30.5,14.1,125,0.0,36,,
2024-05-24,35.6,30.4,12.6,112,0.0,36,,
2024-05-25,37.4,30.6,12.5,311,0.0,27,,
2024-05-26,38.1,29.5,12.4,333,0.0,17,,
2024-05-27,38.2,30.2,11.3,330,0.0,18,,
2024-05-28,37.3,28.9,9.0,317,0.0,14,,
2024-05-29,38.6,31.1,10.9,272,0.0,18,,
2024-05-30,39.2,33.0,15.8,276,0.0,16,,
2024-05-31,37.6,28.5,12.9,295,0.0,12,,
2024-06-01,37.4,31.3,15.6,283,0.0,17,,
2024-06-02,36.4,30.5,11.1,293,0.0,25,,
2024-06-03,36.9,29.6,14.3,284,0.0,25,,
2024-06-04,36.9,30.9,11.8,278,0.0,19,,
2024-06-05,36.6,30.2,16.1,289,0.0,23,,
2024-06-06,35.0,28.2,12.3,308,0.0,28,,
2024-06-07,35.2,28.9,15.0,296,0.0,30,,
2024-06-08,34.7,28.3,15.4,304,0.0,27,,
2024-06-09,35.1,28.3,13.4,310,0.0,23,,
2024-06-10,36.0,27.9,13.5,292,0.0,18,,
2024-06-11,36.3,28.9,11.3,290,0.0,19,,
2024-06-12,36.9,28.8,11.9,288,0.0,17,,
2024-06-13,37.6,29.6,18.1,282,0.0,20,,
2024-06-14,37.5,32.8,22.3,275,0.0,28,,
2024-06-15,37.7,32.2,19.4,286,0.0,27,,
2024-06-16,38.4,32.8,18.0,284,0.0,25,,
2024-06-17,38.9,33.7,19.3,280,0.0,25,,
2024-06-18,38.9,34.5,20.1,279,0.0,25,,
2024-06-19,37.0,33.7,18.7,269,0.8,35,,
2024-06-20,34.0,25.5,8.2,219,4.9,45,,
2024-06-21,32.5,25.4,9.6,331,2.1,53,,
2024-06-22,33.7,29.9,7.5,30,0.0,51,,
2024-06-23,34.5,30.2,10.2,96,0.3,51,,
2024-06-24,34.1,31.0,8.0,96,1.7,54,,
2024-06-25,32.9,29.8,8.0,122,4.0,62,,
2024-06-26,31.0,26.8,10.9,106,23.3,73,,
2024-06-27,28.3,25.4,13.5,108,11.5,84,,
2024-06-28,27.8,25.6,8.6,127,20.9,85,,
2024-06-29,29.3,26.5,7.1,196,18.9,80,,
2024-06-30,30.7,26.8,6.4,304,11.9,74,,
2024-07-01,30.1,25.9,7.1,275,11.5,79,473,1080
2024-07-02,29.3,26.4,7.6,178,14.1,84,365,1110
2024-07-03,29.3,26.0,8.4,149,2.5,83,414,1085
2024-07-04,28.0,25.5,7.8,84,7.3,83,275,720
2024-07-05,27.8,26.2,9.6,70,0.7,85,396,755
2024-07-06,28.6,26.0,9.0,67,1.0,80,449,1040
2024-07-07,28.6,25.6,6.8,67,0.1,76,488,1075
2024-07-08,28.9,25.3,7.6,34,0.0,76,416,935
2024-07-09,29.5,26.2,6.5,97,4.9,80,421,995
2024-07-10,30.4,26.5,6.2,161,11.3,79,467,1245
2024-07-11,31.2,26.8,9.2,230,3.9,76,530,1490
2024-07-12,30.3,27.0,9.2,266,0.5,74,580,1280
2024-07-13,29.9,25.2,5.5,324,12.4,77,360,1040
2024-07-14,31.1,27.0,4.7,90,0.3,72,460,1395
2024-07-15,30.2,25.5,11.3,90,3.0,76,489,1070
2024-07-16,30.7,25.6,10.7,98,17.0,77,544,1035
2024-07-17,31.2,28.2,10.6,102,0.2,75,543,1085
2024-07-18,31.2,27.7,7.6,117,2.0,76,424,1010
2024-07-19,30.5,27.3,7.7,113,0.9,77,439,960
2024-07-20,31.0,27.1,8.3,118,0.2,75,495,1010
2024-07-21,31.1,27.2,9.7,118,1.9,78,495,1080
2024-07-22,31.0,27.8,8.4,116,5.0,78,511,1030
2024-07-23,30.4,27.0,5.6,102,4.3,80,460,1090
2024-07-24,29.5,26.4,5.2,91,6.9,82,315,855
2024-07-25,30.8,27.2,4.7,36,0.6,76,354,1010
2024-07-26,29.9,27.4,6.7,41,10.2,81,375,955
2024-07-27,30.5,28.0,5.8,83,4.5,81,327,910
2024-07-28,31.4,28.6,9.1,98,6.0,77,509,1385
2024-07-29,31.8,28.3,11.9,107,0.3,73,597,1280
2024-07-30,32.8,29.0,10.9,130,0.1,70,590,1290
2024-07-31,31.0,26.5,7.2,199,116.0,78,402,755
2024-08-01,28.2,25.5,6.5,157,34.7,85,323,690
2024-08-02,28.4,25.5,11.1,115,3.0,83,480,1285
2024-08-03,28.9,26.0,13.5,123,1.9,82,588,1105
2024-08-04,29.7,26.9,17.3,91,0.1,74,790,1455
2024-08-05,29.0,26.4,22.0,112,1.2,76,784,1115
2024-08-06,29.0,26.4,11.3,178,0.1,76,686,1140
2024-08-07,27.3,25.5,7.1,209,16.4,86,352,525
2024-08-08,27.6,25.5,7.5,133,10.8,87,282,770
2024-08-09,27.8,25.3,6.0,101,30.8,87,304,885
2024-08-10,27.6,24.9,5.6,75,16.7,87,298,795
2024-08-11,27.3,25.6,6.3,106,11.4,89,282,605
2024-08-12,26.7,25.6,7.6,79,10.9,91,367,745
2024-08-13,27.3,25.2,9.0,84,9.1,90,340,790
2024-08-14,28.0,25.9,6.8,84,7.8,89,344,820
2024-08-15,28.4,25.9,9.5,106,10.9,87,350,715
2024-08-16,27.8,25.5,10.9,113,15.0,88,465,1035
2024-08-17,28.5,25.7,5.8,353,7.7,86,360,900
2024-08-18,29.1,26.2,8.7,281,2.3,83,436,1080
2024-08-19,29.0,26.2,7.6,284,1.6,82,425,1095
2024-08-20,28.2,26.4,5.0,231,4.3,85,305,845
2024-08-21,28.4,25.1,4.4,123,5.4,86,352,1165
2024-08-22,28.2,24.7,4.9,255,7.0,86,394,1155
2024-08-23,27.4,24.9,5.3,77,0.9,86,258,820
2024-08-24,28.3,25.3,6.0,50,8.8,84,356,1080
2024-08-25,28.8,24.9,16.5,88,15.2,79,729,1190
2024-08-26,28.2,26.0,15.4,100,3.8,83,783,1425
2024-08-27,27.2,24.3,17.3,114,11.1,85,708,1445
2024-08-28,26.8,24.2,10.2,120,7.9,87,476,980
2024-08-29,26.9,24.4,10.4,124,19.5,87,407,950
2024-08-30,27.5,25.0,5.7,95,7.5,88,376,1030
2024-08-31,29.2,25.6,8.4,314,0.0,79,406,960
2024-09-01,29.6,25.9,8.1,327,0.1,76,441,1125
2024-09-02,28.0,25.1,10.3,110,11.7,84,471,1220
2024-09-03,27.4,25.4,8.6,87,17.8,87,384,865
2024-09-04,27.2,24.4,5.9,320,0.9,87,388,950
2024-09-05,27.5,24.8,3.5,282,2.9,84,394,1255
2024-09-06,26.5,24.2,7.1,108,14.7,89,328,975
2024-09-07,26.8,24.1,5.0,109,23.6,88,332,895
2024-09-08,27.6,24.4,5.2,313,14.1,87,316,1015
2024-09-09,28.4,25.2,6.2,321,3.4,82,391,1050
2024-09-10,27.2,24.9,3.6,69,11.8,89,265,890
2024-09-11,27.5,25.0,7.3,356,26.7,89,287,1135
2024-09-12,25.4,23.9,16.9,7,100.8,91,523,875
2024-09-13,25.4,23.3,13.9,286,54.7,89,393,1045
2024-09-14,26.0,22.6,10.1,294,4.7,84,421,980
2024-09-15,26.4,22.5,11.2,290,0.1,79,476,1210
2024-09-16,27.2,23.7,12.0,289,0.0,73,469,1400
2024-09-17,27.6,23.9,7.1,303,0.0,74,382,1345
2024-09-18,24.9,22.8,10.7,35,62.7,86,307,565
2024-09-19,26.2,22.8,11.3,88,3.7,85,482,940
2024-09-20,27.2,24.0,6.7,134,0.0,80,458,1430
2024-09-21,27.9,24.8,4.7,188,0.2,79,380,1195
2024-09-22,29.0,25.3,5.7,305,0.0,77,408,1295
2024-09-23,28.9,25.1,6.7,295,0.0,78,395,1165
2024-09-24,29.3,25.2,3.8,229,0.0,77,430,1440
2024-09-25,29.0,26.4,10.6,119,0.4,81,414,1045
2024-09-26,27.9,25.3,10.7,116,0.4,82,471,980
2024-09-27,27.3,24.8,10.5,95,0.8,80,498,1020
2024-09-28,26.3,23.1,7.9,74,0.0,81,427,1180
2024-09-29,26.4,22.6,6.8,59,0.3,83,361,1145
2024-09-30,27.7,23.5,8.5,288,0.0,77,488,1590
2024-10-01,28.3,24.0,8.6,283,0.0,76,428,1340
2024-10-02,28.9,24.7,9.3,270,0.0,73,376,1395
2024-10-03,28.6,24.5,10.5,284,0.0,66,341,960
2024-10-04,28.3,23.8,8.8,269,0.0,68,374,1260
2024-10-05,28.4,24.2,10.0,272,0.0,66,427,1430
2024-10-06,27.8,23.7,9.0,306,0.0,65,411,1710
2024-10-07,26.7,21.9,6.8,318,0.0,71,353,1305
2024-10-08,27.0,22.2,7.1,334,0.0,70,460,1605
2024-10-09,26.5,20.6,7.3,301,0.0,65,400,1435
2024-10-10,26.1,21.0,9.6,299,0.0,60,395,1375
2024-10-11,25.0,19.1,9.2,282,0.0,56,439,1565
2024-10-12,25.3,19.1,8.0,279,0.0,61,502,1885
2024-10-13,26.0,19.7,6.4,303,0.0,57,498,1820
2024-10-14,25.7,20.5,6.3,312,0.0,55,481,1985
2024-10-15,25.2,19.4,9.1,284,0.0,57,446,1610
2024-10-16,25.7,19.6,6.7,260,0.0,57,324,1350
2024-10-17,26.3,20.6,6.1,104,0.0,63,405,1830
2024-10-18,26.1,20.1,6.3,136,0.0,65,428,1825
2024-10-19,26.8,21.0,5.8,178,0.0,63,360,1810
2024-10-20,26.5,20.2,6.8,94,0.0,68,388,1795
2024-10-21,25.6,20.0,6.5,63,0.0,70,434,1665
2024-10-22,25.6,20.1,7.2,41,0.0,67,365,1255
2024-10-23,26.1,20.1,10.0,312,0.0,61,479,1595
2024-10-24,25.5,20.2,10.9,309,0.0,59,312,875
2024-10-25,25.0,19.1,10.4,302,0.0,61,381,1220
2024-10-26,24.6,19.0,8.8,338,0.0,66,320,1145
2024-10-27,25.2,20.4,6.6,114,0.0,74,349,1150
2024-10-28,25.7,21.0,7.5,154,0.0,71,390,1255
2024-10-29,26.4,20.6,6.6,159,0.0,70,372,1425
2024-10-30,27.0,21.3,7.6,330,0.0,65,390,1815
2024-10-31,26.1,20.8,11.0,295,0.0,63,465,1700
2024-11-01,24.9,19.3,11.9,293,0.0,53,484,1665
2024-11-02,24.4,17.7,7.1,293,0.0,54,465,1985
2024-11-03,24.4,18.2,6.6,31,0.0,54,381,1590
2024-11-04,23.7,17.5,6.7,297,0.0,62,316,1235
2024-11-05,23.4,18.1,6.4,86,0.0,71,384,1355
2024-11-06,23.9,18.1,5.6,296,0.0,67,401,1495
2024-11-07,24.2,19.0,5.7,147,0.0,67,444,1590
2024-11-08,24.6,19.0,5.4,146,0.0,66,482,1770
2024-11-09,24.5,19.7,7.8,145,0.0,68,485,1795
2024-11-10,24.3,19.3,6.5,109,0.0,69,335,1305
2024-11-11,23.9,18.5,6.1,77,0.0,74,424,1505
2024-11-12,24.9,19.0,7.4,260,0.0,60,589,2170
2024-11-13,24.1,18.8,5.5,299,0.0,56,465,1585
2024-11-14,24.1,19.0,3.3,304,0.0,55,592,2315
2024-11-15,23.7,18.7,6.0,299,0.0,51,621,2005
2024-11-16,23.3,17.6,5.5,298,0.0,55,590,1980
2024-11-17,22.9,18.0,4.9,297,0.0,58,657,2135
2024-11-18,20.8,15.9,5.4,292,0.0,60,509,1630
2024-11-19,20.1,14.2,5.8,289,0.0,51,460,1580
2024-11-20,19.8,13.6,5.5,288,0.0,50,408,1505
2024-11-21,19.7,13.6,5.4,289,0.0,51,355,1250
2024-11-22,20.3,14.0,4.6,293,0.0,54,376,1410
2024-11-23,20.9,14.1,4.2,249,0.0,51,440,1815
2024-11-24,21.4,15.7,7.4,271,0.0,48,351,1485
2024-11-25,20.6,15.1,7.7,286,0.0,57,475,1455
2024-11-26,19.7,13.9,6.5,286,0.0,56,403,1440
2024-11-27,19.8,13.6,4.3,300,0.0,49,400,1595
2024-11-28,19.4,12.8,3.4,333,0.0,50,357,1380
2024-11-29,18.9,12.5,2.4,347,0.0,59,335,1165
2024-11-30,18.9,12.4,4.3,307,0.0,60,310,1145
2024-12-01,19.4,14.0,4.8,301,0.0,61,319,955
2024-12-02,19.5,13.3,4.9,300,0.0,58,272,870
2024-12-03,20.1,13.5,6.6,307,0.0,56,343,1055
2024-12-04,20.1,15.2,9.8,298,0.0,50,469,1105
2024-12-05,17.8,12.0,8.2,283,0.0,45,373,1110
2024-12-06,17.5,11.3,7.2,287,0.0,47,390,1230
2024-12-07,16.9,9.7,3.4,283,0.0,44,436,1665
2024-12-08,16.1,11.0,8.2,124,1.5,56,382,1135
2024-12-09,15.3,10.4,4.3,36,0.0,65,450,1465
2024-12-10,14.5,9.8,8.3,304,0.0,53,440,1270
2024-12-11,13.9,8.2,8.0,292,0.0,47,280,675
2024-12-12,14.2,7.7,7.5,299,0.0,52,352,1000
2024-12-13,14.8,9.2,11.9,296,0.0,48,490,915
2024-12-14,14.6,8.6,9.6,287,0.0,44,336,665
2024-12-15,14.3,7.3,4.4,298,0.0,51,201,605
2024-12-16,14.2,7.0,3.4,314,0.0,67,179,560
2024-12-17,14.2,7.7,2.8,325,0.0,74,203,780
2024-12-18,14.0,7.6,4.2,279,0.0,69,211,825
2024-12-19,14.5,8.0,4.4,123,0.0,62,245,830
2024-12-20,16.2,10.2,4.1,5,0.0,62,265,875
2024-12-21,15.5,9.2,4.9,320,0.0,65,272,1055
2024-12-22,16.3,10.5,3.3,134,0.0,60,361,1565
2024-12-23,14.5,11.6,6.7,98,1.4,68,276,680
2024-12-24,14.7,11.4,5.3,46,0.5,77,232,650
2024-12-25,15.1,10.8,5.2,319,0.0,78,258,910
2024-12-26,16.1,9.9,3.1,350,0.0,68,266,1210
2024-12-27,15.1,13.8,7.6,64,29.9,84,225,500
2024-12-28,14.9,12.3,5.4,338,4.6,89,255,580
2024-12-29,13.7,10.6,8.1,307,0.0,86,333,815
2024-12-30,12.7,9.6,7.6,290,0.0,87,267,605
2024-12-31,11.3,7.5,3.5,297,0.0,89,180,555
2025-01-01,11.1,7.7,5.8,294,0.0,89,199,550
2025-01-02,12.4,8.5,6.7,287,0.0,85,204,520
2025-01-03,12.8,8.6,4.2,286,0.0,86,98,295
2025-01-04,13.5,8.4,4.2,127,0.0,89,114,345
2025-01-05,12.4,9.2,6.4,124,0.0,90,203,405
2025-01-06,13.0,8.8,4.9,325,4.9,89,259,715
2025-01-07,13.0,10.2,9.9,295,0.0,88,356,755
2025-01-08,12.7,8.7,8.8,282,0.0,75,283,780
2025-01-09,12.8,8.0,2.7,316,0.0,77,140,620
2025-01-10,12.1,7.9,4.5,106,0.0,85,182,665
2025-01-11,12.2,8.0,6.8,103,3.9,88,272,790
2025-01-12,13.2,9.8,4.3,68,0.1,87,288,920
2025-01-13,13.4,9.2,6.8,296,0.0,86,237,610
2025-01-14,13.2,8.7,4.7,300,0.0,83,214,650
2025-01-15,13.0,9.1,3.4,115,2.9,87,233,980
2025-01-16,13.9,11.1,4.3,45,0.7,84,301,970
2025-01-17,13.2,9.2,6.8,308,0.0,81,270,720
2025-01-18,12.3,7.8,4.2,289,0.0,86,160,530
2025-01-19,14.6,8.9,3.2,324,0.0,86,98,305
2025-01-20,16.3,11.7,7.5,287,0.0,83,235,720
2025-01-21,16.0,11.1,7.4,289,0.0,78,231,590
2025-01-22,16.2,10.4,4.7,304,0.0,75,167,665
2025-01-23,16.3,11.7,7.1,306,1.6,71,354,1325
2025-01-24,14.9,10.4,9.1,287,0.0,67,344,950
2025-01-25,14.2,9.0,9.1,273,0.0,63,254,660
2025-01-26,14.1,8.2,7.2,275,0.0,62,233,715
2025-01-27,14.4,7.8,7.0,277,0.0,62,249,760
2025-01-28,15.3,8.0,5.5,270,0.0,58,211,725
2025-01-29,16.6,10.2,7.2,117,0.0,63,313,945
2025-01-30,17.7,11.3,5.8,139,0.0,66,307,1065
2025-01-31,18.8,12.1,4.2,147,0.0,65,506,2325
2025-02-01,19.1,12.7,6.5,109,0.0,63,571,2055
2025-02-02,17.9,13.7,7.1,318,0.0,70,461,1420
2025-02-03,16.4,10.8,5.1,322,1.7,66,268,845
2025-02-04,17.6,13.0,3.7,100,0.7,70,262,1045
2025-02-05,16.2,11.9,7.1,303,0.3,68,463,1395
2025-02-06,15.9,11.4,11.9,317,0.0,51,528,1085
2025-02-07,15.3,10.6,12.8,293,0.0,52,510,1015
2025-02-08,16.7,11.1,10.0,292,0.0,52,312,700
2025-02-09,17.8,10.8,5.2,289,0.0,59,231,790
2025-02-10,19.2,11.7,4.4,290,0.0,59,368,1585
2025-02-11,20.3,12.3,4.3,316,0.0,60,466,2400
2025-02-12,19.2,13.6,10.2,303,0.0,51,641,1655
2025-02-13,18.3,13.7,12.6,301,0.0,47,585,1235
2025-02-14,18.5,12.3,10.1,287,0.0,42,405,870
2025-02-15,19.9,13.0,5.5,27,0.0,46,414,1220
2025-02-16,20.4,13.5,4.1,3,0.0,52,506,1745
2025-02-17,21.7,16.2,2.6,329,0.0,52,491,2105
2025-02-18,20.9,16.8,5.5,298,0.0,53,321,1270
2025-02-19,20.6,14.2,5.6,265,1.0,51,408,1505
2025-02-20,19.0,15.1,11.7,91,7.1,69,531,1275
2025-02-21,19.0,13.7,5.8,347,0.4,71,615,1685
2025-02-22,18.3,13.5,8.3,299,0.0,66,484,1230
2025-02-23,18.9,13.3,5.6,298,0.0,62,458,1590
2025-02-24,20.1,13.3,5.3,309,0.0,57,511,1745
2025-02-25,21.4,14.4,4.2,308,0.0,54,426,1460
2025-02-26,23.7,17.9,4.7,171,0.0,55,459,1975
2025-02-27,21.1,19.1,8.5,68,1.0,70,315,620
2025-02-28,20.0,18.2,9.5,97,3.3,73,427,1025
2025-03-01,19.5,15.5,7.4,72,7.7,81,389,1055
2025-03-02,19.1,15.4,7.4,318,0.0,67,421,1300
2025-03-03,19.8,12.8,5.3,125,0.0,59,321,1100
2025-03-04,19.8,15.6,10.9,294,0.0,60,827,2340
2025-03-05,17.8,12.6,17.6,301,0.0,45,877,1300
2025-03-06,19.6,12.8,10.1,287,0.0,41,411,910
2025-03-07,20.9,12.5,5.2,290,0.0,44,375,1215
2025-03-08,22.4,14.6,6.8,289,0.0,43,539,1875
2025-03-09,24.7,16.8,6.2,143,0.0,43,574,2150
2025-03-10,25.2,19.0,8.5,131,0.0,46,515,1395
2025-03-11,26.9,19.5,3.9,359,0.0,46,642,2425
2025-03-12,26.4,19.8,7.6,298,0.0,50,543,1650
2025-03-13,25.2,21.0,5.6,318,5.9,53,492,2335
2025-03-14,25.7,19.0,6.0,156,0.0,51,709,3340
2025-03-15,24.1,19.0,9.1,50,0.5,55,635,1925
2025-03-16,23.7,18.0,7.4,323,0.1,48,791,2610
2025-03-17,23.1,17.6,8.1,306,0.0,44,897,2310
2025-03-18,23.6,17.1,8.0,296,0.0,43,731,1945
2025-03-19,25.2,17.7,6.3,306,0.0,37,763,2670
2025-03-20,26.2,19.1,6.4,322,0.0,32,922,3075
2025-03-21,25.4,19.4,8.9,309,0.0,32,993,2925
2025-03-22,25.2,18.0,8.2,296,0.0,33,1162,3785
2025-03-23,26.0,18.5,5.1,218,0.0,34,718,2365
2025-03-24,27.2,20.0,4.9,176,0.0,32,749,2340
2025-03-25,28.7,20.9,6.1,114,0.0,32,880,3175
2025-03-26,30.0,21.8,5.3,181,0.0,29,969,3570
2025-03-27,30.1,24.1,6.4,279,0.0,27,853,3050
2025-03-28,26.1,21.8,12.1,293,0.0,25,749,1555
2025-03-29,23.0,16.2,13.1,298,0.0,22,648,980
2025-03-30,24.8,17.5,9.9,296,0.0,22,561,1185
2025-03-31,26.2,17.6,8.5,295,0.0,21,677,2145
2025-04-01,26.5,19.0,8.1,290,0.0,21,780,2180
2025-04-02,27.7,18.6,5.4,295,0.0,22,851,3205
2025-04-03,29.6,20.4,4.6,252,0.0,19,1405,5280
2025-04-04,30.1,21.7,7.2,299,0.0,18,1206,3850
2025-04-05,29.0,22.0,8.5,291,0.0,22,772,1950
2025-04-06,30.5,22.0,5.8,284,0.0,22,707,2435
2025-04-07,32.5,24.4,4.9,93,0.0,22,1019,3470
2025-04-08,32.8,25.2,6.5,111,0.0,22,949,3565
2025-04-09,33.5,26.1,6.9,103,0.0,25,1129,4235
2025-04-10,31.5,26.6,7.1,131,1.4,33,667,3015
2025-04-11,26.3,22.5,11.6,106,8.1,60,453,1295
2025-04-12,26.3,20.5,5.0,99,1.1,57,605,3095
2025-04-13,28.3,21.1,3.4,91,0.0,47,1072,3420
2025-04-14,29.3,22.3,6.4,116,0.0,42,933,2780
2025-04-15,30.8,24.7,7.3,127,0.0,37,983,2835
2025-04-16,32.2,25.6,6.4,124,0.0,34,1118,3210
2025-04-17,33.3,26.2,8.1,117,0.0,32,1018,3680
2025-04-18,32.9,25.7,7.9,99,0.0,40,959,4015
2025-04-19,32.6,27.4,11.9,128,0.0,41,1169,3970
2025-04-20,33.1,27.0,9.5,114,0.0,37,1208,4135
2025-04-21,33.8,26.3,6.8,265,0.0,23,1177,3390
2025-04-22,32.6,24.6,8.8,277,0.0,10,933,2720
2025-04-23,32.2,23.8,8.5,282,0.0,11,951,2695
2025-04-24,32.8,24.4,7.0,277,0.0,11,1224,4430
2025-04-25,33.8,25.3,6.7,317,0.0,13,1426,5135
2025-04-26,34.3,26.0,8.1,260,0.0,13,1444,5380
2025-04-27,34.5,28.3,5.0,326,0.0,14,1493,5110
2025-04-28,33.0,26.5,7.8,97,0.0,20,1099,4555
2025-04-29,31.3,25.0,10.5,108,0.0,35,935,2545
2025-04-30,31.5,26.3,9.1,107,0.0,37,958,2930
2025-05-01,31.8,25.9,10.1,106,0.0,36,1089,2720
2025-05-02,26.2,21.7,8.4,89,12.4,65,543,860
2025-05-03,28.3,24.0,5.3,119,3.4,54,387,1730
2025-05-04,29.9,24.4,5.0,107,2.0,49,501,1640
2025-05-05,28.5,24.2,8.3,88,0.1,58,777,2885
2025-05-06,27.4,22.2,7.5,88,0.4,62,619,2715
2025-05-07,27.8,23.7,7.4,88,0.5,62,721,1995
2025-05-08,28.3,23.9,5.9,77,2.7,61,425,1330
2025-05-09,30.7,25.1,5.6,114,1.1,49,880,3030
2025-05-10,30.9,26.6,4.5,63,1.5,52,668,2755
2025-05-11,31.7,25.1,5.6,310,0.0,49,903,3065
2025-05-12,33.0,25.5,6.5,294,0.0,35,1119,3445
2025-05-13,34.7,28.1,10.0,280,0.0,24,1348,3830
2025-05-14,35.3,28.5,9.0,287,0.0,21,1284,3470
2025-05-15,36.2,29.7,6.7,285,0.0,21,1220,3415
2025-05-16,35.8,28.8,10.0,299,0.0,24,1120,4235
2025-05-17,35.7,29.2,9.9,265,0.0,28,1299,3990
2025-05-18,35.2,29.5,9.6,307,0.0,31,1089,3700
2025-05-19,34.5,28.2,8.7,105,0.0,45,956,3260
2025-05-20,34.9,28.0,9.6,99,0.0,45,912,3380
2025-05-21,34.8,29.8,9.9,114,0.0,45,910,3670
2025-05-22,31.4,25.0,11.0,117,0.0,55,788,1605
2025-05-23,32.3,26.4,11.7,108,1.5,52,934,1965
2025-05-24,33.4,28.5,12.8,107,0.4,48,1058,1905
2025-05-25,28.4,23.0,8.5,88,0.4,66,523,760
2025-05-26,29.8,24.1,7.5,94,1.8,65,589,1805
2025-05-27,31.2,26.2,5.4,87,0.0,62,628,1605
2025-05-28,33.2,27.4,5.4,104,0.0,55,814,2325
2025-05-29,33.6,27.6,5.8,173,0.3,52,943,2860
2025-05-30,31.6,27.1,5.5,182,0.0,49,442,1285
2025-05-31,31.9,26.1,6.4,204,1.0,48,876,3355
2025-06-01,31.0,26.4,9.7,225,4.2,48,723,2040
2025-06-02,30.9,24.1,5.7,249,0.3,48,884,2745
2025-06-03,30.2,25.8,5.9,259,0.0,46,764,1830
2025-06-04,28.8,24.5,5.6,80,0.3,55,516,2725
2025-06-05,30.9,24.4,4.0,202,0.0,46,892,2925
2025-06-06,32.7,25.9,5.5,202,0.0,40,1092,2750
2025-06-07,34.7,28.0,6.9,167,0.0,37,1191,3185
2025-06-08,36.6,29.6,7.3,256,0.0,35,1169,3115
2025-06-09,37.5,30.0,9.6,289,0.0,29,1005,3025
2025-06-10,37.4,30.1,9.1,296,0.0,22,885,2495
2025-06-11,37.1,30.1,7.9,335,0.0,32,879,2635
2025-06-12,36.8,31.1,7.7,113,0.5,45,1006,3040
2025-06-13,36.0,31.3,9.3,116,0.0,48,1005,2395
2025-06-14,36.2,30.6,7.1,110,0.3,47,1024,3225
2025-06-15,33.8,29.6,8.1,125,1.3,53,570,1575
2025-06-16,29.4,24.8,6.1,81,25.6,81,340,820
2025-06-17,29.1,25.2,6.0,86,16.9,82,467,1120
2025-06-18,28.9,24.0,4.6,127,5.3,79,481,1295
2025-06-19,29.7,27.0,6.2,120,0.1,77,504,1190
2025-06-20,28.7,25.5,7.8,108,1.2,84,496,1080
2025-06-21,30.4,26.2,4.9,126,1.6,77,518,1215
2025-06-22,31.0,28.0,5.1,130,0.8,74,467,1200
2025-06-23,31.5,27.8,5.1,113,0.1,74,653,1540
2025-06-24,31.2,27.3,4.7,123,1.1,75,617,1530
2025-06-25,29.1,26.5,9.1,93,12.9,84,468,1015
2025-06-26,30.6,26.0,8.6,100,11.5,76,681,1275
2025-06-27,30.7,27.7,6.9,101,0.5,75,586,1075
2025-06-28,30.8,25.6,4.6,146,8.3,74,585,1525
2025-06-29,29.5,26.1,5.9,157,16.2,79,399,930
2025-06-30,27.8,25.4,5.1,120,17.3,87,320,935
2025-07-01,28.7,25.0,4.9,84,9.1,84,463,1430
2025-07-02,29.9,26.9,6.2,100,1.1,81,526,1240
2025-07-03,30.1,26.6,7.2,104,0.9,78,568,1050
2025-07-04,30.3,26.7,5.1,104,0.3,78,559,1290
2025-07-05,30.9,26.5,4.0,140,3.4,77,535,1395
2025-07-06,31.0,26.7,4.2,193,7.4,74,482,1325
2025-07-07,29.0,25.9,3.4,268,13.5,83,354,965
2025-07-08,30.9,27.1,4.8,277,0.0,76,422,1230
2025-07-09,29.2,27.0,3.7,225,14.9,82,240,785
2025-07-10,27.5,25.6,4.0,149,3.6,85,296,690
2025-07-11,28.4,25.6,2.2,181,0.4,83,323,1005
2025-07-12,29.3,26.5,2.6,94,2.7,80,420,1200
2025-07-13,28.2,26.3,5.0,75,18.6,87,375,1395
2025-07-14,28.0,25.8,12.8,101,17.6,85,659,995
2025-07-15,28.0,25.6,13.4,130,7.3,84,646,1100
2025-07-16,28.7,25.3,8.1,131,8.2,83,466,1150
2025-07-17,28.5,26.8,7.8,118,1.4,82,506,1090
2025-07-18,28.5,26.4,12.8,73,4.1,80,824,1420
2025-07-19,29.0,25.8,10.8,131,0.0,77,740,1410
2025-07-20,30.1,26.1,5.7,214,0.0,73,585,1565
2025-07-21,28.9,26.6,4.2,162,0.4,78,334,860
2025-07-22,30.1,26.0,3.9,238,0.2,74,482,1410
2025-07-23,29.8,27.0,5.9,249,1.2,78,462,1255
2025-07-24,30.7,25.4,7.1,279,1.5,72,583,1520
2025-07-25,31.8,26.6,6.3,295,0.5,68,605,1615
2025-07-26,31.0,26.9,4.8,151,2.3,73,498,1280
2025-07-27,32.1,28.8,6.7,100,0.9,68,680,1465
2025-07-28,32.1,28.1,4.7,127,1.6,67,733,1720
2025-07-29,29.2,27.2,5.0,110,3.8,82,453,1040
2025-07-30,27.9,26.2,7.8,102,15.3,88,439,1050
2025-07-31,27.7,25.3,5.9,144,29.2,88,402,950
2025-08-01,28.3,25.5,4.4,222,7.5,85,361,1075
2025-08-02,29.1,26.0,6.7,254,0.9,79,492,1075
2025-08-03,29.7,26.8,7.7,255,0.7,77,503,1360
2025-08-04,28.6,26.2,7.5,236,0.1,82,356,680
2025-08-05,27.9,26.9,6.9,211,8.3,84,288,990
2025-08-06,28.7,26.3,5.6,242,0.5,80,378,905
2025-08-07,29.9,26.0,8.5,274,0.0,72,597,1425
2025-08-08,29.9,26.4,7.4,271,0.0,70,410,980
2025-08-09,27.8,26.1,4.3,299,8.9,84,288,790
2025-08-10,28.9,25.9,3.2,309,1.7,83,391,1055
2025-08-11,29.8,26.6,7.3,260,1.6,78,455,1485
2025-08-12,29.2,26.3,5.9,252,3.9,80,360,1170
2025-08-13,30.3,26.9,5.9,270,0.0,74,408,1150
2025-08-14,27.8,26.3,4.9,110,8.2,88,255,645
2025-08-15,28.4,25.3,3.8,103,4.6,86,394,1070
2025-08-16,28.6,26.4,4.8,98,4.1,87,313,685
2025-08-17,29.0,27.3,6.1,83,3.6,86,380,1180
2025-08-18,29.2,27.2,8.2,90,9.0,83,523,1020
2025-08-19,29.2,26.6,7.3,89,5.4,82,487,1185
2025-08-20,29.3,26.8,9.6,97,5.6,79,595,1045
2025-08-21,29.7,25.6,6.5,95,13.8,78,499,1175
2025-08-22,30.3,25.3,4.1,123,3.3,75,602,1465
2025-08-23,28.3,25.6,5.2,80,13.2,84,396,1255
2025-08-24,27.6,25.7,8.2,98,11.8,87,503,1205
2025-08-25,26.6,24.4,11.8,111,19.7,89,607,1015
2025-08-26,27.2,25.1,11.5,123,6.7,89,531,965
2025-08-27,28.4,25.2,5.6,118,1.4,86,420,1025
2025-08-28,28.6,25.3,5.3,120,15.5,86,422,1050
2025-08-29,27.9,25.0,8.0,111,12.6,88,441,950
2025-08-30,28.4,26.0,7.9,104,3.8,84,487,875
2025-08-31,26.7,24.5,8.5,116,13.1,90,416,890
2025-09-01,25.4,24.0,11.0,121,31.5,92,465,865
2025-09-02,25.0,23.8,12.9,122,21.7,93,495,645
2025-09-03,26.2,24.1,7.5,94,14.7,89,395,750
2025-09-04,27.1,24.2,5.8,42,17.7,87,347,1125
2025-09-05,27.6,25.2,9.9,81,4.8,85,590,1335
2025-09-06,27.7,24.5,10.2,101,13.3,85,582,1270
2025-09-07,28.0,24.8,7.7,122,2.3,85,537,1340
2025-09-08,28.6,25.2,3.8,152,0.7,81,452,1195
2025-09-09,29.0,25.8,7.5,284,0.4,76,490,1190
2025-09-10,29.2,25.6,11.0,288,0.0,73,701,1320
2025-09-11,28.9,24.7,10.1,282,0.0,69,771,1695
2025-09-12,29.4,24.6,7.6,278,0.2,67,649,1410
2025-09-13,30.8,26.3,6.1,273,0.9,60,709,1745
2025-09-14,31.9,27.0,6.4,269,0.2,57,834,1915
2025-09-15,32.3,27.3,7.4,265,0.0,54,881,2015
2025-09-16,31.7,27.3,6.6,210,0.1,56,884,2170
2025-09-17,31.2,26.7,5.1,34,0.2,61,778,1910
2025-09-18,30.2,25.1,5.3,70,1.6,67,368,1120
2025-09-19,31.1,26.8,6.3,321,0.7,62,440,1515
2025-09-20,31.5,26.8,8.3,303,0.0,56,524,1480
2025-09-21,31.2,25.4,9.3,292,0.0,53,480,1475
2025-09-22,31.6,26.1,10.0,287,0.0,51,546,1720
2025-09-23,31.5,26.1,10.6,295,0.0,47,542,1745
2025-09-24,31.0,25.8,9.9,290,0.0,50,450,1370
2025-09-25,31.1,25.9,8.8,296,0.0,52,455,1415
2025-09-26,31.6,25.8,8.5,315,0.0,52,438,1365
2025-09-27,32.6,27.2,3.9,49,0.1,54,373,1475
2025-09-28,32.3,28.3,8.7,105,0.0,60,503,1340
2025-09-29,32.0,27.8,6.5,124,0.2,58,461,1360
2025-09-30,30.6,24.4,4.3,191,8.0,64,345,1120
2025-10-01,28.3,24.5,4.3,205,2.8,74,371,1105
2025-10-02,28.4,24.4,5.7,118,1.0,72,382,1170
2025-10-03,29.1,25.0,5.2,76,0.0,71,404,1190
2025-10-04,30.3,26.3,6.9,295,0.1,60,419,1310
2025-10-05,29.2,23.7,7.3,272,0.7,60,402,1190
2025-10-06,24.0,22.3,5.9,77,14.6,85,227,655
2025-10-07,23.4,20.7,6.2,137,5.2,87,328,1030
2025-10-08,22.7,20.4,4.6,310,0.2,86,353,985
2025-10-09,23.8,20.6,6.8,306,0.4,75,504,1660
2025-10-10,23.5,19.4,4.7,296,0.0,68,503,1705
2025-10-11,23.9,19.2,5.8,283,0.0,68,522,1895
2025-10-12,25.2,20.5,6.2,305,0.0,63,576,1920
2025-10-13,25.8,20.4,3.4,303,0.0,59,596,2150
2025-10-14,26.4,21.1,3.2,293,0.0,52,596,1990
2025-10-15,26.7,21.2,2.7,275,0.0,49,670,2245
2025-10-16,26.1,20.2,4.1,290,0.0,51,561,1760
2025-10-17,26.5,20.4,4.2,296,0.0,54,590,2030
2025-10-18,27.2,21.6,3.0,261,0.0,53,658,2510
2025-10-19,27.9,23.0,2.3,173,0.0,52,681,2515
2025-10-20,28.1,22.8,3.9,99,0.0,49,796,2610
2025-10-21,26.9,22.7,4.4,136,0.4,57,635,1730
2025-10-22,27.6,23.5,4.5,300,0.0,53,621,1885
2025-10-23,26.6,21.2,5.9,305,0.0,42,738,2500
2025-10-24,25.9,20.2,3.8,277,0.0,46,666,2505
2025-10-25,25.7,19.7,3.3,248,0.0,45,699,2315
2025-10-26,25.5,18.9,3.7,129,0.0,46,555,2165
2025-10-27,24.2,20.3,6.2,133,0.0,56,470,1900
2025-10-28,23.3,21.3,4.2,117,0.0,72,394,1070
2025-10-29,24.8,20.2,4.0,355,0.0,66,494,1330
2025-10-30,24.5,22.6,3.7,123,0.1,74,289,885
2025-10-31,25.3,21.4,4.6,258,0.1,75,485,1495
2025-11-01,25.1,20.8,6.4,283,0.0,62,628,2240
2025-11-02,23.7,19.3,7.8,287,0.0,59,463,1535
2025-11-03,23.5,17.9,7.5,277,0.0,53,411,1640
2025-11-04,23.4,18.9,5.5,159,0.0,60,289,1435
2025-11-05,23.9,18.9,6.8,314,0.0,62,599,1980
2025-11-06,20.7,15.8,8.8,297,0.0,49,483,1130
2025-11-07,20.3,14.8,8.2,286,0.0,47,376,1150
2025-11-08,20.0,13.9,7.1,291,0.0,45,365,1080
2025-11-09,20.1,14.1,7.0,287,0.0,46,356,1090
2025-11-10,20.1,13.9,5.6,290,0.0,46,342,1210
2025-11-11,20.1,13.7,6.8,286,0.0,47,360,1220
2025-11-12,20.4,14.0,7.6,291,0.0,48,410,1315
2025-11-13,19.3,13.2,6.7,285,0.0,52,357,1210
2025-11-14,19.2,13.3,6.5,283,0.0,50,365,1250
2025-11-15,19.3,12.8,6.5,289,0.0,50,344,1145
2025-11-16,19.1,12.3,6.7,295,0.0,50,351,1180
2025-11-17,19.0,12.3,4.5,288,0.0,50,334,1135
2025-11-18,19.4,13.5,4.1,288,0.0,58,312,1060
2025-11-19,19.7,13.3,3.2,180,0.0,63,314,1160
2025-11-20,20.0,14.1,3.5,218,0.0,64,341,1305
2025-11-21,20.3,14.5,3.0,194,0.0,61,416,1575
2025-11-22,20.3,14.1,3.7,277,0.0,57,477,1920
2025-11-23,19.3,13.2,4.1,282,0.0,56,410,1615
2025-11-24,18.4,12.2,4.1,293,0.0,58,361,1420
2025-11-25,17.4,11.4,5.7,287,0.0,58,342,1140
2025-11-26,17.3,11.2,3.6,303,0.0,57,314,1065
2025-11-27,18.1,12.6,2.1,31,0.0,55,302,1090
2025-11-28,18.0,11.5,5.1,299,0.0,60,237,815
2025-11-29,19.0,13.7,7.3,305,0.0,54,389,1415
2025-11-30,17.3,11.7,7.4,287,0.0,49,338,1005
2025-12-01,16.9,10.0,3.6,303,0.0,49,263,1020
2025-12-02,18.3,12.7,4.2,319,0.0,57,427,1855
2025-12-03,16.2,10.3,6.1,300,0.0,55,334,1065
2025-12-04,15.2,9.8,7.1,290,0.0,56,288,870
2025-12-05,15.0,8.6,5.2,283,0.0,56,256,815
2025-12-06,16.2,10.2,9.4,283,0.0,53,291,635
2025-12-07,17.0,10.7,8.7,283,0.0,56,260,550
2025-12-08,18.0,12.1,9.5,288,0.0,53,297,775
2025-12-09,17.5,11.6,9.9,282,0.0,54,334,835
2025-12-10,17.5,11.8,7.6,287,0.0,57,279,760
2025-12-11,17.3,10.8,5.7,280,0.0,60,237,885
2025-12-12,17.2,10.4,3.6,286,0.0,63,219,795
2025-12-13,17.8,12.7,2.4,104,0.0,66,247,905
2025-12-14,17.7,11.2,2.0,127,0.0,70,245,900
2025-12-15,16.6,10.5,5.6,275,0.0,72,210,705
2025-12-16,17.0,11.6,9.5,289,0.0,69,322,680
2025-12-17,17.0,11.4,8.1,284,0.0,70,279,705
2025-12-18,16.4,11.6,5.4,306,0.0,74,245,680
2025-12-19,15.7,11.2,5.8,288,0.0,78,201,555
2025-12-20,15.0,9.5,4.0,138,0.0,78,228,810
2025-12-21,14.4,10.7,4.3,123,0.0,84,202,565
2025-12-22,15.4,11.4,3.2,168,0.0,83,168,480
2025-12-23,16.5,11.6,7.9,285,0.0,81,279,675
2025-12-24,15.8,11.6,8.8,283,0.0,69,447,1130
2025-12-25,14.7,9.3,5.4,272,0.0,64,281,1105
2025-12-26,15.2,9.9,4.7,304,0.0,67,305,1045
2025-12-27,14.8,9.7,4.8,296,0.0,77,239,805
2025-12-28,14.6,9.4,4.3,285,0.0,78,209,720
2025-12-29,14.1,10.6,3.3,277,0.0,81,167,590
2025-12-30,14.2,9.7,4.6,282,0.0,79,184,555
2025-12-31,13.2,9.1,6.6,118,0.0,84,246,665
2026-01-01,13.3,10.5,5.5,127,1.6,90,285,580
2026-01-02,14.0,11.1,7.4,306,0.0,78,537,995
2026-01-03,13.2,10.7,3.9,300,0.0,77,428,1255
2026-01-04,12.4,8.5,5.0,300,0.0,79,388,1280
2026-01-05,12.4,8.5,5.4,312,0.0,79,328,810
2026-01-06,12.0,8.5,5.8,299,0.0,85,240,655
2026-01-07,10.8,7.9,6.2,305,0.0,89,257,635
2026-01-08,10.1,7.5,4.7,319,0.0,88,212,445
2026-01-09,11.4,7.5,3.5,10,0.7,83,194,620
2026-01-10,11.3,6.6,6.1,298,0.0,81,210,505
2026-01-11,10.6,6.0,7.8,296,0.0,76,270,660
2026-01-12,10.6,4.9,5.0,307,0.0,70,205,660
2026-01-13,11.1,5.0,4.6,308,0.0,75,212,705
2026-01-14,10.7,5.6,6.6,297,0.0,76,251,635
2026-01-15,11.1,5.8,6.5,296,0.0,76,213,540
2026-01-16,12.6,6.1,4.4,296,0.0,68,166,545
2026-01-17,14.4,7.8,2.7,90,0.0,70,193,805
2026-01-18,14.8,8.1,4.2,121,0.0,77,202,760
2026-01-19,17.2,10.7,3.6,54,0.0,61,473,2240
2026-01-20,17.2,10.2,6.0,298,0.0,61,477,1870
2026-01-21,16.3,9.7,5.4,300,0.0,65,379,1320
2026-01-22,17.4,10.0,5.8,134,0.0,61,350,1105
2026-01-23,15.2,12.9,12.4,131,23.9,83,439,835
2026-01-24,12.1,9.0,9.2,322,0.0,69,361,635
2026-01-25,10.8,6.4,7.4,288,0.0,74,265,690
2026-01-26,12.4,6.2,3.0,270,0.0,77,214,790
2026-01-27,14.4,11.1,8.6,118,12.3,83,296,760
2026-01-28,14.3,11.7,5.4,315,7.6,85,384,1210
2026-01-29,13.4,10.4,6.8,303,0.0,86,300,780
2026-01-30,13.8,8.5,4.5,286,0.0,82,214,725
2026-01-31,14.1,9.2,5.5,120,0.0,87,227,665
2026-02-01,16.1,12.4,5.8,146,13.2,83,240,740
2026-02-02,15.2,12.7,5.2,296,0.0,89,245,740
2026-02-03,14.6,10.4,4.1,310,0.0,82,231,945
2026-02-04,15.0,10.7,6.3,310,0.0,77,318,1015
2026-02-05,15.3,10.6,8.5,291,0.0,72,360,1035
2026-02-06,16.3,10.8,9.2,292,0.0,68,383,1075
2026-02-07,17.5,12.5,9.5,288,0.0,68,443,1190
2026-02-08,16.7,11.4,7.5,290,0.0,62,374,1055
2026-02-09,17.0,10.5,4.7,151,0.0,61,305,1185
2026-02-10,18.8,11.6,4.9,122,0.0,60,490,2240
2026-02-11,20.5,14.6,7.0,315,0.0,58,543,1805
2026-02-12,18.9,13.0,7.9,292,0.0,54,512,1275
2026-02-13,19.0,12.7,5.7,279,0.0,53,402,1270
2026-02-14,19.8,12.5,6.4,286,0.0,52,465,1575
2026-02-15,20.8,13.5,6.1,281,0.0,53,506,1925
2026-02-16,21.9,13.1,4.7,162,0.0,50,759,2975
2026-02-17,21.9,15.9,7.9,129,0.0,54,546,2140
2026-02-18,18.9,16.1,4.0,353,0.9,73,289,1375
2026-02-19,19.8,13.9,3.3,322,0.0,67,539,2090
2026-02-20,21.0,15.0,5.4,302,0.0,64,614,2245
2026-02-21,20.8,14.8,7.0,283,0.0,62,524,1735
2026-02-22,21.6,14.7,5.6,275,0.0,55,653,2225
2026-02-23,22.3,14.8,4.1,291,0.0,53,788,2970
2026-02-24,22.4,15.9,4.6,325,0.0,52,735,2800
2026-02-25,22.2,14.9,5.8,291,0.0,48,671,2380
2026-02-26,22.5,15.5,7.7,282,0.0,45,768,2515
2026-02-27,23.7,16.0,5.8,277,0.0,42,802,3045
2026-02-28,25.9,21.3,5.8,300,0.0,41,1016,3455
2026-03-01,23.9,17.2,9.0,291,0.0,46,909,3015
2026-03-02,23.9,17.2,10.2,293,0.0,44,822,2610
2026-03-03,24.6,17.7,12.1,290,0.0,41,606,1360
2026-03-04,25.9,18.3,11.3,293,0.0,43,615,1455
2026-03-05,27.2,20.9,11.6,297,0.0,47,632,1435
2026-03-06,27.0,19.5,6.1,299,0.0,46,581,1730
2026-03-07,27.6,20.1,4.1,211,0.0,53,591,1935
2026-03-08,28.3,20.8,5.7,279,0.0,47,588,1860
2026-03-09,28.0,20.7,6.9,298,0.0,49,523,1515
2026-03-10,28.6,22.4,3.7,315,0.0,51,663,2225
2026-03-11,28.7,20.5,7.3,280,0.0,39,810,2635
2026-03-12,28.3,21.2,8.0,273,0.0,33,732,2495
2026-03-13,27.0,21.7,9.2,302,0.0,44,669,1560
2026-03-14,26.8,20.1,6.8,299,0.0,35,576,1995
2026-03-15,23.1,18.2,11.3,96,2.6,56,617,1440
2026-03-16,23.3,17.4,11.1,108,0.3,50,731,2785
2026-03-17,24.2,17.4,5.8,344,0.0,50,685,2335
2026-03-18,24.1,19.3,5.5,345,3.7,57,511,2290
2026-03-19,22.1,18.3,8.0,355,3.4,66,434,1015
2026-03-20,18.0,16.4,5.1,320,2.8,86,353,1015
2026-03-21,19.7,14.8,5.0,310,0.0,77,443,1535
2026-03-22,21.7,16.2,6.7,301,0.0,66,453,1390
2026-03-23,21.9,17.9,5.3,317,9.6,70,380,1660
2026-03-24,23.5,18.1,6.5,300,0.0,64,690,2225
2026-03-25,24.9,17.7,5.8,291,0.0,50,551,1905
2026-03-26,27.7,21.0,6.3,302,0.0,43,835,2905
2026-03-27,25.7,22.1,7.6,332,0.6,49,569,1635
2026-03-28,27.1,20.8,5.5,281,0.0,44,828,2300
2026-03-29,28.1,22.8,7.7,120,0.0,47,786,3175
2026-03-30,26.9,21.7,8.2,277,0.2,50,565,2410
2026-03-31,26.2,21.3,4.9,313,0.3,54,730,3365
2026-04-01,26.4,19.6,4.4,45,0.0,51,756,2485
2026-04-02,28.3,21.7,4.7,95,0.0,47,691,2620
2026-04-03,25.8,22.3,8.9,284,0.4,54,531,2270
2026-04-04,24.5,21.2,4.7,309,2.3,64,423,1705
2026-04-05,24.3,19.8,5.3,306,0.9,57,709,2685
2026-04-06,25.9,20.8,6.5,268,0.0,39,1002,3145
2026-04-07,22.7,18.0,8.6,109,8.4,57,525,1750
2026-04-08,20.4,17.0,6.6,112,4.1,73,670,1970
2026-04-09,22.6,16.1,6.2,39,0.0,61,897,2915
2026-04-10,24.8,17.8,12.5,301,0.0,43,932,2140
2026-04-11,27.6,21.7,10.3,315,0.0,33,1015,2550
2026-04-12,28.6,23.0,9.1,316,0.0,31,1208,3115
2026-04-13,28.6,21.8,9.1,295,0.0,28,921,2275
2026-04-14,30.7,23.0,7.1,306,0.0,25,1086,3960
2026-04-15,31.7,23.7,8.1,306,0.0,22,1287,3785
2026-04-16,33.0,26.2,5.6,317,0.0,22,1403,4285
2026-04-17,32.5,26.3,7.7,159,0.0,25,1066,4095
2026-04-18,32.7,25.0,6.1,290,0.0,29,931,3195
2026-04-19,33.5,26.0,8.0,287,0.0,22,1249,3730
2026-04-20,33.0,26.7,9.8,297,0.0,22,1379,3880
2026-04-21,32.8,26.0,11.1,286,0.0,18,1343,3420
2026-04-22,33.5,26.0,9.5,287,0.0,21,1106,3125
2026-04-23,34.2,27.9,9.0,262,0.0,18,1128,3710
2026-04-24,34.8,27.5,6.6,275,0.0,23,1260,4165
2026-04-25,35.7,29.1,9.3,301,0.0,23,1400,4230
2026-04-26,35.5,28.8,9.8,299,0.0,23,1337,3910
2026-04-27,35.6,28.6,10.2,291,0.0,22,1290,4095
2026-04-28,33.2,29.7,7.5,320,0.0,31,904,2720
2026-04-29,31.9,27.0,5.8,76,0.0,37,910,3150
2026-04-30,30.8,25.4,8.4,121,0.9,41,923,3720
2026-05-01,29.2,23.1,8.3,118,0.0,49,831,2550
2026-05-02,31.4,26.3,8.1,125,2.3,42,814,2560
2026-05-03,30.6,25.8,11.9,111,0.0,44,733,1955
2026-05-04,25.5,21.0,11.6,83,5.5,65,595,1560
2026-05-05,26.0,22.6,5.9,90,1.3,66,546,1750
2026-05-06,28.6,21.9,4.8,2,0.0,48,1046,2885
2026-05-07,27.1,23.0,13.1,112,0.1,50,751,1555
2026-05-08,28.2,22.1,10.3,103,0.4,54,813,2135
2026-05-09,30.3,24.8,8.0,93,0.0,46,1024,2625
2026-05-10,31.5,26.3,8.0,114,0.0,43,1119,2900
2026-05-11,32.5,27.3,6.8,115,0.0,41,1024,2655
2026-05-12,32.4,27.9,10.7,114,7.0,45,892,2760
2026-05-13,32.7,26.7,6.9,111,0.3,47,764,3835
2026-05-14,33.3,25.9,6.4,180,0.2,40,1046,3225
2026-05-15,34.4,28.6,9.1,308,0.0,31,1445,3680
2026-05-16,35.0,29.0,8.6,314,0.0,29,1542,3895
2026-05-17,36.2,29.9,11.2,302,0.1,26,1650,3795
2026-05-18,37.1,30.0,10.5,293,0.0,25,1381,3790
2026-05-19,38.2,31.1,10.3,283,0.0,18,1622,4420
2026-05-20,37.9,32.1,9.1,270,0.0,20,1424,4020
2026-05-21,37.8,33.2,13.7,270,0.0,22,1499,3710
2026-05-22,37.3,32.0,10.4,291,0.0,19,1577,4075
2026-05-23,36.7,31.6,9.9,298,0.0,22,1566,4015
2026-05-24,36.8,30.0,9.0,281,0.0,22,1406,3930
2026-05-25,37.9,32.8,11.1,277,0.0,19,1428,4235
2026-05-26,37.5,31.8,9.6,301,0.0,17,1550,4235
2026-05-27,37.9,31.4,9.0,298,0.0,17,1295,3555
2026-05-28,34.1,28.7,8.9,125,3.2,39,496,1530
2026-05-29,30.1,26.0,10.4,126,1.0,56,599,1195
2026-05-30,27.9,24.0,9.3,125,4.7,64,723,2025
2026-05-31,27.5,23.3,7.6,119,0.8,64,843,2200
2026-06-01,28.6,24.6,6.0,99,1.1,62,702,1985
2026-06-02,30.7,24.4,6.2,127,1.0,52,1101,2750
2026-06-03,33.8,29.1,5.2,88,0.7,43,1139,2730
2026-06-04,32.9,28.1,8.3,220,0.6,44,915,3160
2026-06-05,30.3,25.1,5.3,5,2.1,57,746,1510
2026-06-06,34.1,28.5,6.1,240,0.0,44,1089,3185
2026-06-07,33.4,28.9,9.0,271,0.4,43,936,3185
2026-06-08,36.5,29.9,10.7,281,0.0,31,1501,3820
2026-06-09,37.4,31.6,10.4,276,0.0,28,1437,3860
2026-06-10,37.9,31.3,9.6,258,0.4,28,1473,4015
2026-06-11,33.8,27.4,12.3,123,0.2,47,699,1205
2026-06-12,27.4,23.3,12.6,97,8.1,75,668,1530
2026-06-13,28.7,24.8,3.9,127,0.7,68,377,1390
2026-06-14,31.3,26.0,4.7,267,0.5,60,598,2340
2026-06-15,30.3,26.5,7.8,287,1.3,54,610,2225
2026-06-16,28.2,25.2,6.3,264,0.6,64,224,630
2026-06-17,31.4,24.7,5.4,279,0.0,53,823,2470
2026-06-18,34.6,29.5,8.2,290,0.1,42,1189,2760
2026-06-19,33.9,28.2,9.2,286,0.0,41,1211,2485
2026-06-20,34.3,30.7,9.2,280,0.5,42,996,2405
2026-06-21,34.1,30.1,9.4,272,0.0,39,1034,2495
2026-06-22,33.1,28.5,9.7,292,0.4,41,969,2340
2026-06-23,33.4,30.3,6.7,274,1.4,43,909,2945
2026-06-24,32.5,28.6,7.3,237,0.6,47,734,2430
2026-06-25,34.5,30.2,5.0,225,0.8,44,1130,2725
2026-06-26,35.0,29.8,4.5,249,1.2,44,934,3175
2026-06-27,35.5,26.8,5.5,263,1.0,46,978,2805
2026-06-28,36.7,29.5,8.0,276,1.0,43,1279,2920
2026-06-29,37.1,32.1,8.8,263,1.4,40,1266,2980
2026-06-30,34.2,28.9,10.3,191,4.4,54,863,2670
2026-07-01,30.2,26.9,8.3,112,1.8,74,519,930
2026-07-02,28.9,25.9,4.9,69,6.8,78,425,1160
2026-07-03,31.1,27.0,5.3,125,0.5,71,639,1410
2026-07-04,32.2,29.2,4.0,97,1.4,69,594,1585
2026-07-05,31.3,28.8,5.2,90,3.7,76,444,1275
2026-07-06,32.1,26.8,4.2,115,0.5,71,611,1930
2026-07-07,29.4,26.5,4.8,104,8.4,85,300,925
2026-07-08,27.2,26.1,8.0,36,11.8,91,389,665
2026-07-09,26.4,25.0,10.3,343,99.8,91,473,780
2026-07-10,29.3,25.5,7.4,313,0.6,81,523,1170
2026-07-11,30.8,27.4,5.1,265,0.3,76,509,1335
2026-07-12,31.8,28.7,7.9,265,1.5,69,533,1400
2026-07-13,32.1,28.4,8.4,266,0.1,64,693,1660
2026-07-14,30.8,26.1,8.3,256,2.3,70,587,1815
2026-07-15,31.0,25.4,7.4,227,3.4,67,614,1880
2026-07-16,33.9,29.8,8.1,288,0.0,53,848,2055
2026-07-17,34.1,30.7,6.8,283,0.3,55,782,2090
2026-07-18,33.6,31.0,8.1,274,0.0,54,670,1775
2026-07-19,32.6,29.8,7.0,206,3.7,65,650,1800
2026-07-20,28.7,26.5,5.5,182,31.9,87,328,750
2026-07-21,27.4,25.7,7.8,94,14.7,90,412,900
2026-07-22,28.5,25.8,10.7,104,5.7,83,634,1240
2026-07-23,28.8,26.1,11.1,104,9.8,81,688,1140
2026-07-24,28.5,25.8,10.5,103,8.5,84,610,1165
2026-07-25,29.2,27.4,10.4,111,2.3,80,601,1070
2026-07-26,30.6,27.3,4.1,105,1.4,79,494,1125
2026-07-27,31.6,29.2,3.6,183,0.6,73,519,1550
2026-07-28,27.9,26.1,7.1,137,19.5,90,257,640
2026-07-29,29.3,26.3,3.2,121,5.6,84,378,925
2026-07-30,29.6,25.5,6.4,105,10.8,82,522,1230
2026-07-31,29.6,27.9,11.3,98,4.9,79,740,1040
2026-08-01,29.2,26.7,10.3,94,5.5,82,635,1140
2026-08-02,29.0,26.6,7.9,102,4.8,85,451,1210
2026-08-03,29.1,26.9,6.3,127,14.3,87,429,1315
2026-08-04,27.5,26.3,4.5,129,13.6,93,239,575
2026-08-05,28.8,26.2,4.3,293,1.9,85,399,1065
2026-08-06,27.2,26.7,5.1,38,12.8,90,281,585
2026-08-07,26.5,25.4,9.1,37,58.3,94,384,690
2026-08-08,28.3,24.6,8.3,93,28.9,86,511,1150
2026-08-09,29.9,25.1,4.8,107,3.0,81,435,1215
2026-08-10,28.7,26.5,5.8,84,7.7,87,372,1365
2026-08-11,28.5,26.7,5.8,114,12.5,89,350,700
2026-08-12,30.1,27.2,3.6,257,2.0,82,436,1260
2026-08-13,30.2,26.4,4.3,259,2.6,83,332,1140
2026-08-14,28.8,27.0,3.5,185,11.6,88,248,705
2026-08-15,29.3,26.5,4.5,276,4.5,86,348,1070
2026-08-16,30.1,26.2,7.0,266,4.9,79,486,1190
2026-08-17,29.1,27.3,7.0,266,4.5,81,375,1155
2026-08-18,29.6,25.5,5.3,256,3.0,76,501,1345
2026-08-19,29.3,26.9,3.7,299,5.2,80,420,1190
2026-08-20,28.9,26.8,4.9,265,4.5,86,358,1155
2026-08-21,30.2,27.1,7.3,294,0.9,78,513,1285
2026-08-22,29.0,25.0,6.7,257,8.0,82,471,1350
2026-08-23,29.3,24.7,6.0,284,8.2,81,380,1040
2026-08-24,28.7,24.6,4.1,263,6.9,83,233,830
2026-08-25,28.9,26.2,3.4,152,3.4,85,332,1005
2026-08-26,28.6,26.1,4.3,210,13.5,88,267,915
2026-08-27,29.9,27.4,5.2,206,0.0,80,334,1635
2026-08-28,30.5,26.2,8.0,283,0.5,73,580,1385
2026-08-29,31.0,27.8,8.4,265,0.0,68,625,1570
2026-08-30,30.9,27.9,7.8,251,0.2,66,619,1400
2026-08-31,31.0,27.8,8.3,268,0.7,63,693,1485
2026-09-01,30.3,27.3,6.1,294,3.9,68,584,1470
2026-09-02,28.0,26.1,4.6,57,13.6,81,417,1465
2026-09-03,28.3,25.6,5.6,93,3.5,83,470,1165
2026-09-04,27.8,25.8,6.0,70,13.3,87,354,880
2026-09-05,26.4,25.1,6.2,52,23.5,93,327,570
2026-09-06,25.7,24.1,5.7,23,18.1,92,240,520
2026-09-07,28.3,24.3,3.8,310,0.9,78,372,1240
2026-09-08,28.9,25.2,7.1,272,1.3,74,396,1285
2026-09-09,29.8,26.4,8.5,277,0.0,68,549,1455
2026-09-10,30.3,26.6,7.5,298,0.0,66,594,1695
2026-09-11,28.4,26.5,6.5,83,8.7,82,363,880
2026-09-12,28.7,25.7,6.6,77,7.6,83,442,1220
2026-09-13,29.5,27.2,8.7,88,0.6,76,638,1220
2026-09-14,28.9,26.1,8.9,94,3.7,78,616,1280
2026-09-15,29.4,26.0,5.6,99,1.6,72,523,1400
2026-09-16,31.2,27.7,3.4,255,0.3,65,689,1925
2026-09-17,29.1,24.8,5.9,28,2.0,69,438,970
2026-09-18,28.1,24.9,6.0,289,2.2,72,381,1050
2026-09-19,28.9,25.0,3.8,0,0.0,69,511,1585
2026-09-20,29.7,25.4,2.6,47,1.5,65,680,1925
2026-09-21,29.9,26.2,3.5,358,0.1,61,653,1865
2026-09-22,31.2,26.3,3.7,332,0.0,58,819,1920
2026-09-23,31.5,27.0,4.2,359,0.0,57,826,2235
2026-09-24,30.0,26.2,6.7,122,0.0,63,775,2030
2026-09-25,27.8,25.0,8.7,137,0.0,70,778,1615
2026-09-26,25.1,22.1,7.3,32,4.6,75,581,1380
2026-09-27,24.8,22.2,6.1,32,1.1,79,492,1100
2026-09-28,24.4,22.2,6.5,326,1.5,84,465,950
2026-09-29,25.9,22.0,7.5,314,0.0,76,579,1445
2026-09-30,27.4,23.2,8.2,305,0.0,69,613,1705
2026-10-01,28.3,23.8,7.8,303,0.0,64,632,1890
